geo_id区域ID,加油站,超市,住宅区,地铁站,公交站,咖啡厅,中餐厅,ATM,写字楼,酒店
829fd9e04ed5f0e2148096737edb8a73,0,0,1,0,2,0,0,0,0,0
3d99665144344fc090b5b7450ffe72f5,4,43,151,4,36,22,597,59,47,45
f524dc6b89fcb9e4a9688c0cb7b2bdb7,0,0,0,0,0,0,0,0,0,0
0613fd690240317177a03a0b26ca8591,4,32,50,3,22,6,509,20,9,27
687ea595a01fdc18ad438f0d0a325102,0,3,1,0,6,0,6,0,0,1
3bee6a7b93130a1359165736c6ea0850,0,0,0,0,0,0,0,0,0,0
370bd5250561d0feb3c70ac22f47a0a5,2,30,151,3,28,19,513,39,55,80
82dc208d41286f0eb9edb9783e9b65b0,0,0,0,0,0,0,0,0,0,0
f80c4ceeb36264b42e34d6c4c2cb9b4c,9,34,170,4,45,20,779,69,66,116
760471f16acb57036aa34172ff2d5e52,0,0,0,0,0,0,0,0,0,0
2a3b937de38e82d5663494f993cc4d88,0,2,1,0,5,0,2,0,0,2
879efab02bdf016729958e4bbfd7e7aa,0,0,0,0,0,0,0,0,0,0
29d739876d61fab917d09d288ffb4e52,1,0,13,0,12,2,2,2,0,3
a731093e169fb74399e6db37d55b715d,2,7,24,0,25,0,107,11,0,3
18152c2af7b94721fc15a217b99d62b4,0,0,0,0,0,0,0,0,0,0
bb88a64763cc55b3bd6d887c9e5b275a,0,0,0,0,0,0,0,0,0,0
328d1675ea5ae78320ad7f5e33126a2b,2,13,0,0,13,0,15,0,0,1
dc3707c3f88c774f2692e30a6f43325b,1,0,0,0,13,1,7,1,0,2
56f289af4bf2e1b6baa0f91ea9566bce,0,0,0,0,0,0,0,0,0,0
0722a4e77089f211e0fba39f4e6d50c8,0,2,2,0,3,0,2,0,0,0
4d43c17cfabd1db092f93902f240f2f0,0,0,0,0,1,0,1,0,0,0
07435fa86317d6460c7b3703968fcdaa,0,0,0,0,1,0,3,0,0,0
e41503995f4a1e429ea7720ab314bfcc,1,1,3,0,5,0,7,0,0,5
ceccd192f656155ee8792fc522229981,0,0,0,0,0,0,0,0,0,0
adc7bf0f147d3462a1c39289a58e55e1,0,0,2,0,2,0,2,0,0,3
9673087c168afd10a7fae2b348dc45b7,2,9,16,0,14,1,145,1,0,4
61515a2799a2c8fda5e0e45de5f6d152,2,5,2,0,6,0,7,1,0,2
bbc8dd780558381af0d9cff82fffb90c,1,7,20,1,12,0,99,2,2,6
a8aa7de29b5d508fa0dc748e460b0dc7,1,7,2,0,7,0,73,2,1,8
630239f19499934728de71b167191a30,0,6,17,0,5,1,7,0,4,22
66ada4117146e6950257d7ce8fa871c0,3,15,16,0,11,4,229,6,3,14
9b2dbd238b150fb3d6dc7ca1281f179d,0,9,3,0,13,0,19,2,0,0
c0912c1efdc68d8067fa587d29108ae0,3,25,52,1,32,5,285,9,3,14
9d1213f262cddbf9bcc1b6345b18ed1d,3,20,38,5,34,4,275,14,9,26
d53c12559054455004af6acf38c74521,2,35,100,1,64,13,381,31,9,28
1d4945b9335a4fddcf9ffbd8e4805012,1,6,9,1,15,1,130,1,0,5
92690873aa0fe461d188d12a7f6ce72a,0,17,7,0,11,0,111,4,0,2
d75e44c0f3c3038da228b83a6d1f5ea0,0,2,2,0,3,0,3,0,0,1
aa26aeab203f71a68b7e628da2ae75e8,0,0,2,0,14,0,2,0,0,0
959fa378e8bec2a9997085a4d568ac3c,0,1,0,0,8,1,9,1,0,0
935ce4030242354b403e12135ad9c2d2,1,6,1,0,6,0,8,0,0,0
3be64837bb6709df46d57058dfaf849c,1,2,8,1,9,1,25,1,3,4
b14cf19aa0f3d7b4d90a3d352f1d264c,1,10,9,0,7,0,72,1,0,2
588b074580af1e7a36027e7761e9e4cc,8,21,37,2,24,0,145,11,4,8
d64227fbd97fe67040f8b506afd35595,0,0,0,0,3,0,3,0,0,1
ad1fd1e128076ee6f998a2d09111b754,0,0,0,0,3,2,7,3,0,0
6e41e598ef9e862f1bb3bb7d3dc4ce03,2,5,6,0,5,1,39,7,1,1
67bbd950dbaa25f261d84bd7df2cfc47,0,0,0,0,0,0,0,0,0,0
3b5359a32230b3cea024921db849185b,0,0,0,0,0,0,0,0,0,0
134e189659a5762eb47d503c48c5b111,4,2,0,0,15,0,1,0,0,0
fe6ae60c5251ac0fd1105f82f2e1776d,0,1,0,0,8,0,2,0,0,0
2513ac4c46d423f9b88c6de359cd2faf,3,26,112,6,29,7,579,38,57,104
8d8530d8dd5417965d67d6ccdc4077d8,6,25,95,0,31,2,412,31,19,51
8133d9a596ea7dc5694f64bd57cf4c6d,6,17,159,4,26,1,261,36,42,53
fc285cf482f1014cd81d5ba233ac9569,3,36,153,9,35,11,725,74,64,124
3fcb2fe11c0c68c5f7a8d19a04689e1b,2,41,205,5,28,4,691,54,45,126
e8e8612bf79d1c6fb1d74e42d039e912,4,37,242,4,42,11,550,68,61,89
5b0719b8c9b2fc38b629fda869be8cad,0,1,7,0,8,0,5,2,0,10
f6c050073d756ce5b0207b8db2575094,1,2,0,0,7,0,1,0,0,0
4e1d5561eefcfbe93336151174eabb95,2,2,0,0,7,0,4,1,0,1
47265e5d861c3ad286ff407b3ebf0465,0,0,8,0,4,0,1,0,0,4
d6cbcf69519415f28e611a5c2e019d82,0,0,0,0,0,0,0,0,0,0
752ee063c408ff92351d32405ab6661b,1,0,8,0,11,0,12,1,0,3
86e381d00fca39dfbcbf7f33d9a335fa,1,6,16,0,22,1,30,3,1,1
3600e86c260d8f238dfa5e7b9e1b662d,2,3,8,0,8,0,20,8,1,0
2560f54200afd43f8fbf02c9e8ca2a9d,0,0,0,0,1,0,1,0,0,0
f2d3b898f1bafbf32a5765777cb02b04,0,0,1,0,4,1,12,0,0,1
f37f9a04bbc918417e0444dda9fc7551,0,0,0,0,0,0,0,0,0,0
888db28a40543e0175c75f256c826086,0,0,0,0,0,0,0,0,0,0
0079b2d9ae82c13ea6b63e065fbefd83,0,0,0,0,0,0,0,0,0,0
f9896463402cf50818b2eddbe32123f8,0,0,0,0,0,0,0,0,0,0
4e95debe046d4c748eca783291b21217,0,0,0,0,0,0,0,0,0,0
f57e249d0826c6a362063fde5b4a35bd,0,0,0,0,0,0,0,0,0,0
f7cc98c54aa1b997df7f38e5027bb71f,0,0,0,0,0,0,0,0,0,0
a986bfbb7d039eb1fb2c525db560cbe2,0,0,0,0,0,0,0,0,0,0
e96cbdfef0c6e07de9f6aa70aad0326c,0,0,0,0,0,0,0,0,0,0
b77c50c13c5c9bf7d3bf1f064a348402,0,0,0,0,0,0,0,0,0,0
2e18072bdb81dab1207c35a5985d2b51,0,0,0,0,0,0,0,0,0,0
830fbaf646539e43e7f8d7d42f2a2c7f,0,0,1,0,5,0,1,0,0,0
0377d2a38b961f6add8cf1bf7560c0a8,7,17,2,0,46,0,26,1,0,1
cd5aab4ddf289eeee2594f777532dec7,0,32,7,0,55,0,88,1,0,3
aa639b8961d5d6d33c7d61ef14e69b22,2,6,8,0,26,0,52,5,3,10
1c2b762878f0d3c0359dbb0520241fee,1,2,2,0,9,0,8,0,0,1
36be2c0f20ee7a02d7a3c213a2546c64,1,1,3,0,9,0,28,0,1,6
be4edacb94b142b7ec3ac55b06fcd9fb,0,3,0,0,16,0,1,0,0,0
d95826bf0bb56f1554a17b48f9f30400,1,16,2,0,34,0,21,0,0,2
da8b02f97c90455e3ffb8101221d25a5,0,8,2,0,12,0,28,0,0,2
6074b5f4e2732eb161f2705685ff7dff,1,15,93,2,25,5,282,23,21,22
adfabf63adca2fd8ac6079d1e345b01f,0,8,3,0,9,1,9,2,1,0
ce5d2602dcfdd2026df8199dd24fed9a,1,11,17,0,19,14,357,10,13,18
f786c0e4168463490fe041ce7430c2b2,0,1,0,0,10,1,7,0,0,0
dbe1f692683ebddbf8def2d9fb3205ce,2,1,0,0,2,0,5,1,0,2
a12670b4e27ef0bf94a2cd3ab7a437fb,0,5,6,0,8,1,43,1,0,2
e9ea33e28cd69a2614ce2b6f408c4aaa,1,6,3,0,4,0,155,0,0,1
d077a4e9d630e30c81a17d5dbefdbcb7,0,1,4,0,14,1,44,2,0,0
4db1ef63b6a85202afb2954e3db63f2e,0,0,0,0,0,0,0,0,0,0
62f0309cf98bf352162c4474fa360199,0,0,0,0,0,0,0,0,0,0
0a3a2eb43992b7de437a09283df43258,2,8,24,0,20,0,36,3,1,0
2eb779c4e030edd781b1c48bd9140505,4,15,3,0,37,0,15,6,0,3
857f77170a6e626637135f14815b781d,0,0,0,0,4,0,0,0,0,0
ec18a1612ff5d08a7aba6e272e834435,1,12,37,2,18,1,110,6,1,4
4f6a14824fcec3dc22cae92f29154429,1,12,23,1,12,3,319,8,1,14
eaf7beb80a6b05a61d0eecd3b76bf5ea,0,3,1,0,2,0,1,0,0,0
af11942bb3644544c96d7eec4c46f4af,0,0,0,0,0,0,0,0,0,3
dfa58645e825efc9bc54a62940850027,0,1,0,0,1,0,1,0,0,0
63d6eca52ff33d77aabdb5ce8d8e21e1,0,0,0,0,0,0,0,0,0,0
79e941b24faa538a8ed2addbfdd1b7e5,3,7,3,0,38,0,18,2,0,0
b017651d93dcf12d841275dbe84d9425,0,0,0,0,0,0,0,0,0,0
f80b8a6c0270d3ab59ae7d6ae1361c80,1,1,1,0,2,0,1,0,0,0
b3451aeccc283ea5efdb4cbc691f33db,0,0,0,0,0,0,0,0,0,0
0d5b688cca940c910ee07edf46564b34,0,0,0,0,0,0,0,0,0,0
01d3309d522181f98c59e71276a3ad24,5,9,19,0,8,1,50,5,6,5
1cc653397e20eff50e82e87b70cd02d5,2,14,36,0,11,6,255,7,3,4
cdeaf343ebebe4a075157cbbfbd53570,14,56,61,3,90,5,754,31,14,56
d37dbc875ea1bdda95416f1785f83f14,0,0,0,0,0,0,0,0,0,0
fa9285a9625c0467c335801ad85975b2,0,7,35,0,22,0,113,2,2,12
abbf188a046226e98ea9023779e6165f,5,65,96,2,104,2,876,17,10,51
596467ae80ad6fa90a7a13c97cdbac4f,2,16,38,1,25,5,249,17,9,18
f1d85b37a29ec75b025b364f8b89904d,9,60,117,2,175,23,875,58,84,59
b0904dd8619de6836f02ea353a674cdd,3,20,18,0,4,1,148,1,4,5
182d047308d12e0942ba228f4366436b,2,10,25,0,14,1,51,1,7,8
f6cda32946d34432ac3b18f5c8c6036c,1,14,5,1,43,0,88,1,0,4
331a3b2edf5953d58fe7def642d86c16,3,11,44,0,16,3,129,27,17,19
3704c48c7af65a6a4c1282102c403cea,0,0,0,0,0,0,0,0,0,0
5a1cd30cbad1328aea58801c4d9b4d35,0,3,8,0,18,0,17,2,0,7
6da3e22032d543214b2893d1c9f2b9e1,7,69,76,1,122,7,893,21,27,75
494145f695071bde959edd51ac09ea67,1,13,8,0,8,1,227,1,2,10
ef0cd03aa712b2301a78b95ab96ad560,1,37,275,3,37,21,605,69,122,83
ba20ac2de22cfe373f316eaa256b85fc,0,39,316,3,43,33,811,106,117,133
382c94da4ba84bbd45046ad2fdf3f302,3,20,288,4,25,47,882,92,128,86
0e36f17c4567e570d0d2986cc23ae569,2,37,197,5,46,27,500,72,65,44
ffc484421aadab77e248d2774b70a410,9,23,77,3,27,34,580,41,29,34
27d75f17e61587172fe7a6827bbaa198,2,47,244,6,35,157,898,107,177,186
accd9ba16fbd7218451339035fcb4990,0,26,224,5,51,31,788,87,114,91
59e9ad69a9b98a75107b2a4ba96cd765,6,26,236,6,42,146,899,49,64,141
cde075b755b945ca844bb84f4e72b592,0,0,0,0,0,0,0,0,0,0
b8648b7020307b2d712fbb1237153764,0,0,1,0,8,0,1,1,0,0
0a0ce22ee07180d1a1d5dc09519654ca,0,2,0,0,15,0,5,1,0,0
f8e80516f6d71427eb07776a980ccb78,0,0,0,0,1,0,0,0,0,0
d1b61d895be8667e31ec2b44e99d564c,14,53,70,2,99,1,379,23,3,14
c03bebd5e6d499008a9a8b725edfaf79,1,1,12,0,9,0,8,0,0,1
2e876a1f8de1c75b5e518b9dfb9abac7,12,33,243,1,85,5,559,37,29,29
007b13c50a6ef4dad3aa7067c69bcdb7,2,4,25,0,5,0,107,4,2,7
09a1610dc197ac8e4baff94f5abc20e7,7,28,92,4,72,3,335,8,9,29
fbf8a708149a724650f6e1d1cc380938,0,0,0,0,0,0,0,0,0,0
d1f13018735cd45062b43d5945a77864,1,8,8,2,17,1,39,0,15,11
ad7b6b7b93ea15a4386bee58d14ccf06,5,66,76,3,102,18,898,37,54,54
699135b50d43e087e4a0105ec94c0ab5,4,8,23,2,13,1,99,6,12,15
b865187b5e53ff94aa1cd6a6f74f882b,23,172,267,8,202,16,900,109,57,133
2330e9afd6cfca6ab5d6dc75b108ebf0,1,1,23,0,17,0,11,4,0,0
ac6859d8b6640000e50bb2e2212ef928,0,0,0,0,0,0,1,0,0,0
18face9cce63673069c1e884cdafd364,2,5,25,0,21,0,64,8,3,5
5d4f19229815a2d13d00c13cf0b077c7,0,5,38,0,16,1,57,4,1,7
87787343bdb24fee64bde23f729dc37f,0,2,26,0,18,2,98,12,28,8
e456f11aff0dbeab3e4942f5e4229160,0,0,2,0,1,0,2,0,0,0
d84d08176797bdf95a57c65f59bc1f04,1,1,1,0,7,0,14,2,0,0
d2194b3bf6072e5769a062ade121c273,0,2,5,0,11,3,39,3,0,13
d026a8d5c74520aa98b67c899ca54d6a,0,0,1,0,3,1,3,0,0,0
1bf99d1ae5db0807f824c0a47eed3051,0,0,0,0,0,0,0,0,0,0
4da6e3b3d250b4aafc1b0573990b6391,0,0,0,0,0,0,0,0,0,0
ba5418895bf7881116c540dcd4d56477,0,1,1,0,8,0,3,0,1,0
d015a2151aec5707ec9e85ee59f0f347,1,5,1,0,5,0,3,1,0,0
6f8f5eef4b5f5368ca67c5fd0b3a497e,10,15,51,2,82,2,285,16,5,13
1f1a9689ee6580085c49ccf6e0bb7c46,0,0,1,0,1,0,1,0,0,0
3a3035b73a2cafe5ad7401d0d1ff493d,3,4,4,0,9,0,9,2,0,1
7720d96b722214dc4f0e870ff5729d28,0,0,0,0,0,0,0,0,0,1
eef1de9dfefab2c125f3032dcc855e0b,0,0,2,0,1,0,6,0,0,0
c634228aaeefbf6ac68fe7592919bffe,0,0,0,0,2,0,1,0,0,0
0501c0ebfa516be1b1437358a4fee206,0,0,1,0,2,0,0,0,0,0
21dc6bf8bf37228c9508ea9245b2cda7,0,3,6,2,8,0,9,2,0,0
c24559ba6770534cbf2926de674a58d7,0,0,0,0,0,0,0,0,0,0
7f2016734a74da8363b05fbdce3c8e7d,1,0,6,0,3,0,4,1,0,0
0bdcabc101c9dad71d916862dd2860d5,0,0,1,0,1,0,3,0,0,0
9d23806c61e2ae93a5f42bcf0ef44590,0,0,0,0,0,0,0,0,0,0
5dadde87faf75f6495c7fef7c49c468b,0,0,0,0,0,0,0,0,0,0
742bd453c123cd14e0d1b024db0b3287,0,2,2,0,11,0,2,0,0,0
319b0e29192939800dee86632f43adb8,1,3,3,0,25,1,27,2,0,11
b5786063d42357d8a6a0bca6769ab7fb,1,27,66,0,100,5,429,38,6,18
74937b9e494473bef5d71e1ab17023b7,2,14,44,0,52,4,242,23,1,3
48b5dccd8905b2a8cbed1ce1c4785efe,3,1,9,0,20,0,22,2,0,0
42d8354681dac65dcf0d08795e322165,0,0,0,0,2,0,2,0,0,2
3965fb0fb13b4eee9529da2f641cbacf,1,5,13,0,13,0,34,5,0,4
d60de28215b20b3ad9db10e910ddbd5e,2,6,16,0,23,1,32,2,2,10
43b37825f8f1f0fba3c268315dc2dfff,1,6,7,0,21,1,46,1,0,3
abbac624288e7288d7780561bf584b69,1,8,21,1,12,1,92,1,0,13
ef6316c60d65605af010e1fe66d5666c,1,2,3,0,7,0,30,0,1,1
0227bdb822c0cbfe8504df441ed077d4,0,0,0,0,9,0,1,0,0,0
64648d40c718551925b14e7c5fc4198c,1,13,4,0,26,0,51,4,0,11
1b4421e911b0c44064c75a5704de85a3,0,1,1,0,11,0,1,0,0,0
51d71551460e352831f4f87bed06690c,0,4,1,0,8,0,18,2,0,1
999470b89fc16cec33c5c754daa45f84,1,4,0,0,4,0,3,0,0,0
c03480b951439f1a7e981c58c7552338,0,0,0,0,0,0,0,0,0,0
28dce71c5f3b682bc4ccb5c561b53400,0,0,0,0,0,0,0,0,0,0
c3f7d414bcc7abf6048837824ef48ea1,0,0,0,0,0,0,0,0,0,0
de2c01b92fee60b06309149d3958f7e4,0,0,1,0,3,0,1,0,0,2
8910e669dad286f5dc3ac230b17e0cc5,0,0,1,0,2,0,0,0,0,0
0501722b1a1a97c42c8dab01b1a9ebc6,0,0,0,0,0,0,0,0,0,0
3b71fc964b935fb6df4f534090c35858,0,0,6,0,3,0,17,1,1,6
d66b459a9b8ea2beb26f66f1e75a5a98,0,4,18,0,9,0,2,1,0,0
215bee47d8960070afed5cdd1cf4d9af,0,0,0,0,0,0,0,0,0,0
4b8d5865c81da64a9c5efef1f2b0939d,0,1,0,0,2,0,1,0,0,1
85ba9acc51021472f0b06ff1091d593c,0,2,6,0,8,0,6,0,0,0
3dd2491bf7b2b4d8ae16297d77b76208,0,2,1,0,4,0,1,0,0,0
bf6727c22a206bb9934d907297213853,3,4,2,0,15,0,23,1,0,1
9907e10622089e561a0f70041f8933da,0,0,0,0,3,0,1,0,0,0
2f863485573595608f6aca0bd9bc27d5,0,0,0,0,0,0,0,0,0,0
e786ca61d00cf42fab92569a6cf5f2a9,0,1,1,0,12,0,4,0,0,0
9ddd51c7eca9b58ab40b913b0990cfcd,0,4,1,0,1,0,1,0,0,0
a7413ae26315e48959ded78c566dcb67,1,0,2,0,4,0,2,1,0,1
c74f8b8132795319afe808de9fb1f35b,1,3,0,0,6,0,2,0,0,0
c10b53ca13da889931c2c4130400a35b,0,0,0,0,0,0,0,0,0,0
a805622fa186b1f2e9ae51adaf5d687e,0,0,0,0,5,0,1,0,0,0
b0c0a1e3ef4bdb60161335c9c2537aa1,0,0,0,0,10,0,1,0,0,0
c679427e97551dfab4a5187707f7b245,0,4,1,0,10,0,7,1,0,1
52347425a5a813839e21277441bd5644,1,0,0,0,7,0,0,0,0,0
ebd1ae00a4bab1d7e49151803125a629,1,5,1,0,17,0,8,1,0,0
42f415e7cf91570a75f6c13ae40279b5,0,1,0,0,7,1,2,0,0,2
9409549bc8bf5aa66399b1423f94ffe2,1,1,1,0,15,0,9,0,0,2
48994ca3443e011dbcbe3243096f05f0,1,14,39,0,39,4,342,39,9,26
ce829549e2ec063875e7fed6fb487ef6,0,2,6,0,5,0,17,0,1,2
15e3beffcb9fd26a9fb2a3fbce7b882d,0,3,4,0,8,0,1,2,0,0
732cf3957d17840cb02706478d70c93f,4,2,21,0,21,0,142,16,2,13
6ff0de8bd3ce9a17d311e6bbbabdcd73,3,3,1,0,17,0,11,0,0,1
4770fb33cf9c234eaaf91759019a4502,0,2,3,0,1,0,6,0,0,6
2754bd52a8b843e454340192e291012a,3,14,51,0,25,1,277,18,4,4
1fd33aaed133df9196b839b3c80a5584,0,0,0,0,0,0,1,0,0,0
365caa18c945200cba2251fb57fb94a8,0,5,49,0,5,1,37,10,3,10
d6c94ac9b7ede9e7e21f298ad8cbb97e,0,2,1,0,2,0,2,0,0,1
e5f027a59806aa9a0c7139431a5d6975,0,1,0,0,3,0,4,0,1,0
a583226a6a5bfc2197e08c9931394221,0,0,11,0,2,0,5,0,0,1
da034a6c87661476bbd4a16af59685e4,0,0,0,0,0,0,0,0,0,0
a95041655706a7d3726da9496a1dc555,0,0,7,0,1,0,1,0,0,0
d6fff7ea02320a68707405b0e35af209,3,1,1,0,16,0,1,0,0,1
f6915f7abd3615874e94336d320c5e9d,0,0,0,0,0,0,0,0,0,0
d5b391481c85d9c4d3aeb68902b6c2ed,0,3,2,0,6,0,13,1,1,7
8139566b049791b9a992b57249448e98,0,5,1,0,16,0,15,2,0,0
7a01995c32636ffdd37da7055ecff040,0,0,10,0,1,0,4,0,0,2
fd65bfca9a29b126710edd4c06a8da13,0,0,0,0,7,0,3,0,0,0
0b1e6d12671d8b93af3fb729f634efd7,0,0,0,0,1,0,1,0,0,1
b718ac8aa808b996fe3d255f713dad90,0,0,0,0,1,0,2,0,0,0
bc2124f747df1bb8adde155a841f9315,0,0,0,0,3,0,0,0,0,0
1c99946fe9e417ac0894c32ee3dd0da9,0,0,3,0,13,0,7,1,0,4
57a81091a0ec0f1e3fb55ea6b9d6dd91,0,0,0,0,0,0,0,0,0,0
803547e0be1bcdcaf769a7e83769c673,0,13,30,0,25,0,107,11,0,7
07bce769abed5a1d5c834301f0aa2c01,0,0,0,0,6,0,0,0,0,0
739d81e3c7be23d961cfa1340080c6cb,0,2,5,1,16,1,4,1,0,1
fd3bad5624ae843e273825be943df2c2,0,3,2,0,10,0,6,0,0,2
58e0e2bb063ee2f834031142dfc970f7,0,0,0,0,0,0,0,0,0,0
f9398211496b207a3b817e167f0faf86,0,0,0,0,0,0,0,0,0,0
5f0427bda25e0db94a4aa4b288ba16dd,0,0,0,0,8,0,0,0,0,0
651e6beb3b5d8cccee7508a98737f49d,0,0,0,0,0,0,0,0,0,0
42f46063790b81565692cabbc3a123a0,2,3,7,0,7,0,17,2,0,1
95ea579843efb503c8e12e3f19146e22,0,0,0,0,4,0,0,0,0,0
6c01a5537f470a386a95a605f8f388f6,1,1,2,0,6,0,2,0,0,0
51125904cc0651d54776b72789993f09,0,0,0,0,4,0,9,0,0,4
eeed7aec0c9a4d0443fa4386b3733aab,0,0,0,0,6,0,5,0,0,4
457af535a0d72faf9f2feef3b3ce2682,1,1,0,0,21,0,9,4,0,1
3526d5c34aa5f5d030883a2065566684,0,0,0,0,3,0,0,0,0,0
6423774d6d8d60b10d04f8489ebaccb8,1,0,0,0,2,0,1,0,0,0
14a1004b4d42874352b5b31060d8aaa0,0,0,0,0,0,0,0,0,0,0
5890fe26927f3bc1fa288b1aec9f74e7,0,0,0,0,0,0,0,0,0,0
290ee6bfa6ce26d7983157d6c4c76997,0,0,0,0,4,0,1,0,0,0
7df5fe0ed68b8c170cdf07cd8696cbe1,0,0,1,0,3,0,3,0,0,0
3bef9cb236c059490be9291065025233,0,1,0,0,3,1,2,0,0,3
a0650eae733ce6c4899832a45d919f00,0,0,0,0,3,0,1,0,0,3
5dcd37b4cf0b0a19b142c449d82365f2,1,0,0,0,0,0,0,0,0,0
a2b2c668e9aea1a38aa5925690eb2046,0,0,1,0,1,1,4,0,0,21
60920981d2d13c472fc6b8b56721ac6d,0,0,0,0,0,0,2,0,0,0
9f65e751b3eb930b2a29771f3f07554c,0,0,0,0,2,0,15,0,1,1
eb858a68fb1be400ec37497b0e1b785e,0,0,0,0,6,0,1,0,0,0
e435d78bbc2f2e8a6e1104d0e8eae2dc,0,0,0,0,0,0,0,0,0,0
f02014f58c1d17b8c17d81e0694b245e,0,0,0,0,0,0,0,0,0,0
d16b28268ce4656743b55f645ad82279,0,0,0,0,2,0,2,0,0,0
22d11b798f2daf054f793e7878ec03de,1,3,15,2,25,0,28,2,0,0
4212bc6e07aee4da1d88cfe503dcb8f2,1,7,19,1,31,1,49,12,3,7
06dda6cc9fa82c909b0157b701e0e694,0,0,0,0,0,0,0,0,0,0
a54cf2878a5f628db32a9bda7f12d886,1,9,5,0,21,0,31,1,0,1
27925b795a2f76404dea9dfc0a265e42,0,0,0,0,0,0,0,0,0,0
17ad86f67c2c1e9e8ab818a45831ed8c,0,0,1,0,10,0,1,0,0,1
58e04ca32d216452d109cd200fd4bffb,1,5,1,0,14,0,12,1,0,2
679b7c6d6acb9b8f3821fe154ed80178,0,3,18,0,13,0,7,1,0,1
468e770a4d7a1aa44f8b12c2d273d087,0,0,0,0,6,0,1,1,0,0
da87490186f0f3c6e32e7cdf13ab97d0,2,2,4,0,8,0,4,0,0,0
e9653572fa26e92043f386a6d428b2d3,0,3,2,0,7,0,1,1,0,3
bd76e433a09bcabee0895d141d42c431,2,6,7,0,6,4,21,2,0,1
b5caac05efab8a9179763fb358eb9c8c,3,30,43,1,28,1,267,8,3,15
4d56d8b8377fac47c7ca78ecd2372595,3,44,211,1,108,13,881,59,29,62
76e38deedf7b99695bbd905a3d121cdc,1,2,12,0,8,0,16,2,0,3
621d0c2dae6b9f0fd8fa90f68ed9997e,0,0,4,0,7,0,28,1,0,1
02591258121f9e3e7f1f5f3a62afb0fe,0,0,1,0,3,1,2,0,0,2
86741ac931a57a9e20570d34379e62b3,0,4,0,0,11,0,25,3,0,1
b7eea7825549b906df7ab39ab4043eff,0,6,8,0,15,3,26,5,1,6
a82600768e6960a11059cc03309bac15,7,29,83,0,53,8,495,48,14,28
1af7431f738e1af100562f98f4c1a374,0,0,0,0,0,0,0,0,0,0
f5e638bca03735545a11710a1b62111e,0,0,0,0,0,0,0,0,0,0
6dda24194bad72003372faff06c93d81,0,0,0,0,1,0,1,0,0,0
ccc41f1326e2b2f2ad1706baac0edb40,2,6,2,0,8,1,18,2,0,0
2df1c3a45120dbbb6fd79a3967118f31,0,2,14,0,16,0,35,5,0,2
4324b57bbf2199c032838499137d1bb6,0,0,0,0,1,0,1,1,0,1
7670c85204b07d5bd1b0be16ed561ca1,0,3,8,0,7,0,12,1,0,1
8613754c5dd2767c501dd8d1b0509e95,0,2,3,0,11,0,1,0,0,1
860f2735d003fbc5fb60b27b35a7903a,2,3,6,0,12,0,17,1,0,1
cd209bdc517e9cc58482e35b0c30f878,0,1,2,0,6,0,0,0,0,0
0c93c5266ef07fc613bc910273953362,0,0,0,0,0,0,0,0,0,0
32641c93416d26a30f8ee8d1c1e445a2,0,0,0,0,7,0,3,0,0,0
24b54c9e90150b05a0a6491ee07bb8bb,0,0,0,0,6,1,2,0,0,0
e3209b1aa50ab9cdaead5dd97df58e44,0,0,0,0,0,0,0,0,0,0
dcb7520b90cd3b9d76c5806c18cd80f6,1,1,0,0,5,0,2,0,0,0
633a01c8055693aa87eeeead21b46a30,0,0,0,0,1,0,0,0,0,1
98ddbad08fde1f19db8d78968afcbd25,0,0,0,0,0,0,0,0,0,0
4e32f53c0b7df1ff3d83a9f579b90688,0,2,1,0,11,0,1,1,0,1
26425005b1bfb6286dd853faf12a9822,0,0,0,0,0,0,0,0,0,0
c0ef9cc8d8e0d314b6e19bc7e7451754,1,3,0,0,13,0,4,2,0,0
38f15b3cb6c6317cbebf12ab2ff5ca4f,0,1,0,0,14,0,14,0,0,1
63193575664cb0ce5b19875bca25c5ea,0,0,0,0,0,0,2,0,0,0
52ad27fd828555bf446f8334f9c1684c,0,0,0,0,7,0,0,0,0,0
f7a4af7868d50f9e5d3e7d096b95e944,0,0,0,0,3,0,2,0,0,0
30d1ddc88e4bb1724ca69a5b62650a54,0,0,1,0,1,0,5,0,0,1
251ab8dda082b1fd90ef0cae321e23eb,1,2,1,0,4,0,3,0,0,0
04f6e205f11579dc11e9137dfe080925,0,11,3,0,24,0,18,2,0,3
66c513efaebdac9d134dcaee885ddd7e,0,0,0,0,0,0,0,0,0,0
b2b7b3715785e6c540f232d737d6bbbb,0,0,0,0,5,0,0,0,0,0
af7efc1a83418c73896b442cdf1dbd57,0,1,1,0,7,0,1,0,0,0
9ea9666c5f53e72c543a1cce745dc27d,1,2,4,0,8,0,2,0,0,0
39e0ec756c0d8267956ee18e928345ba,0,0,0,0,0,0,0,0,0,0
b8f849cb3351b4b11709f295f39a0c21,0,3,0,0,4,0,1,0,0,0
ad16d3a734930df43cd668b8f5116d5c,1,2,20,0,20,0,49,2,0,5
11e5f94201ed55756bb1a2d77b2fb806,0,0,0,0,3,1,3,1,0,2
ee5cdf9b04471f53d1ea6a6556458867,3,2,1,0,8,0,16,2,0,1
5cf6528d7cde17862bf29040e4574073,1,3,0,0,12,0,10,0,0,0
f2341b349466a386cc0576cd9181089c,0,1,0,0,5,0,2,0,0,0
6568561e8712e54823127811d7505cb6,1,6,0,0,11,0,9,0,0,1
0b3bc8160287ace536b6b9ed958e866d,0,0,0,0,0,0,0,0,0,0
766d81147c80162194e80b67dd7ec4c5,0,0,0,0,0,0,0,0,0,0
90a461d154a1d46ba4e27997f5de14d6,0,0,3,0,7,0,1,0,1,0
7903feef25942f7e9dc9981b78f5ca15,1,2,7,0,7,0,10,0,0,0
8207c2cd8917167416b29de7de2e9016,0,0,0,0,2,0,0,0,0,1
21551abf90f22e2527711dddc28f8534,0,0,0,0,2,0,0,0,0,0
b33b280a43b63653f0aab6d33ae1f7c5,0,4,11,0,12,0,17,0,0,3
f86417d222fd3c0de3603c1e141a5e18,1,21,50,2,12,1,382,8,6,24
bdd96564253410d968c27c5e45f97076,0,4,5,0,3,0,36,1,0,3
b84a09aec4e0b8391047a68ddb219a84,0,1,3,0,5,1,1,0,0,1
c74e88fd881dc512d63aa6de1986dde5,2,13,32,0,28,0,147,5,0,4
0e2a5b2885bca2cd8e5b7411f7b4be89,0,0,7,0,5,0,3,0,0,2
3f1ddbf76686a493657795df99ec57cf,0,7,0,0,6,0,7,0,0,0
b2a2c5d97b99ca35fb3dbcf51cfdeb33,0,4,1,0,4,0,14,0,0,0
2f3df5c95b493944b7fed0512e8bbe29,1,10,1,0,17,0,69,3,0,6
b1435ae21705a89317e819f0a977dd6b,0,0,1,0,0,0,1,0,0,0
04c63c3f5f20ca28c5d7639ee787485b,0,1,2,0,8,0,3,0,0,0
8df20653cf61d4004b4e9869f1241e74,0,5,0,0,4,0,5,1,0,0
56521b6360a9e274b966976604747d88,0,0,0,0,0,0,0,0,0,0
1482f2c9a3632d1de6d77224b1a9c007,0,0,0,0,1,0,0,0,0,0
601766e04501cd235a8e03727b5c5e47,0,0,0,0,0,0,0,0,0,0
7182d37e5687cb3feccd21c946993357,1,15,21,3,22,4,92,23,1,3
a36ce30ee1135360766cf497719cd651,1,2,11,0,19,1,32,3,2,3
7b01040eadec97714af37549af37672c,2,13,9,1,25,0,144,9,4,10
81dab2c1217d5117f7f82393dda1d16d,2,2,1,0,4,0,1,0,0,0
9c14c8bf1c55f91c361454f99271fa04,1,18,4,0,11,1,131,7,0,4
99e6ac724d34bba54c64fe12f68e2d71,1,1,6,0,8,0,8,0,0,1
484e791a4233be1257ea105412e9f195,0,1,3,0,5,0,3,1,0,0
91d45274fd581781a1d90f7c956ea080,0,1,2,0,4,1,2,1,0,3
149f7c60a4f30958878e57333465c3d5,0,0,1,0,4,0,7,0,0,1
5f1be75f05d6f8e4a7066de7317b6b31,4,15,12,0,4,1,158,5,4,12
e7338aedc39614d0bb94e927db6fa293,0,0,7,0,7,0,12,3,1,11
17b6a056f515ad4acd0f640d2171fa16,0,0,0,0,0,0,0,0,0,0
e73556b439feaf0327b6c409fe9d8668,0,0,0,0,0,0,0,0,0,0
c300eedd12f73a5c6d550d3612814379,0,0,8,0,6,0,1,1,0,1
164c21cdacbf30d35c7708d21631165e,0,0,0,0,0,0,0,0,0,0
5720e5f95081d7b1923ae7a722500fbe,0,0,0,0,0,0,0,0,0,0
f61f68b6b55c208576c9b1504ab0e63d,0,0,0,0,0,0,0,0,0,0
61d5a27f64d7cb942e0aa3bd4c556e92,0,0,2,0,4,0,5,0,0,1
e625ac143b3a9819d73f417ecd1cd4fb,0,0,7,0,3,0,15,0,0,13
f601abf5f000e342de59ff80062f6832,0,0,20,0,9,4,22,3,0,43
0e5ad2531c56800df8bd0ea82fa97af4,0,0,0,0,0,0,0,0,0,0
4c555d0166773f8aadb0d0aaced2eff3,0,0,0,0,0,0,0,0,0,0
38ac9798e5e377f306b25429b8a30fcf,0,0,0,0,0,0,0,0,0,0
15cd991ea19f38f935c2023633771a6e,0,0,0,0,0,0,0,0,0,0
735af05910f9ff8ec315bd3c483c0d5e,0,0,0,0,12,0,2,0,0,2
c9da3f7f3b534344f882aa708b1201eb,0,0,2,0,14,0,13,1,0,2
ef0b1803be0e79a6bb0427c9c3254d58,0,0,0,0,0,0,0,0,0,0
7d736d7a703d67f61eb6a77a3df7af42,0,0,0,0,8,0,0,0,0,0
c70e58a7b73251e9b577802ebfd09706,0,0,0,0,0,0,0,0,0,0
9b1b5e14cc99258cfc270ae822737670,0,0,0,0,0,0,0,0,0,0
285ca5c45d2d3fbe6756761f96c2ef39,0,0,0,0,0,0,0,0,0,0
317958fd8994b1628a7699f4a6239a41,0,0,0,0,0,0,0,0,0,0
fc719edab7e67201735ba8129e2de99a,0,0,0,0,0,0,0,0,0,0
346b7ac1e647ee6cc8392ce9c6e99528,0,0,0,0,0,0,0,0,0,0
a7174c2f8f7560f4085954291eb3cefa,0,0,0,0,0,0,0,0,0,0
fdad0dcd1c708c75561fa313112f0556,0,0,0,0,0,0,0,0,0,0
15f6a910f1f94d25273abbe4e8dfb672,0,0,0,0,0,0,0,0,0,0
fa17f6c43f6f7ad9ce8b0715ea9bf3dc,0,0,1,0,6,0,1,0,0,2
efd020f0ae66e67d48c91890454bc517,0,1,0,0,9,0,6,2,0,1
f7887f68327a6cd78b7436e6b161a908,1,1,0,0,5,0,2,0,0,0
69ab23390e9c1e24580d681214f4ea23,0,0,0,0,0,0,0,0,0,0
854056a512e987fded70671c60707528,0,1,3,0,13,1,21,1,0,7
3274a359390e4a2ea4940fe6dd2138b4,0,2,3,0,2,0,3,0,1,2
4f93acd14a46d8964cd606baa6554139,2,4,25,0,10,3,108,7,1,7
1dbfca16e34ecb8b48350ed779033593,0,0,0,0,0,0,2,0,0,0
03fe95ddd9087e4ab309531dc95b539e,0,1,0,0,10,0,11,2,0,3
30f3d11b729f3f2d91f25a399b188fa7,1,0,0,0,5,0,2,0,0,0
7cd4a1fee525ab092b2c00dfe180a726,1,1,1,0,4,0,5,0,0,0
014daf8317ca5498dcfcce7860ab31c3,1,1,1,0,5,0,2,1,0,0
1a0ab647e8f709e461be522c4447825b,0,0,0,0,0,0,0,0,0,0
7c208d206388ac2193cd3a5fdb147afb,0,0,0,0,0,0,0,0,0,0
da326be940be27526dec6b75718fc541,0,0,0,0,0,0,0,0,0,0
ccb69cd7842cbd38e5e4d265c75fd672,0,0,2,0,0,0,1,0,0,0
12a65d3d74d3f41a8c6262caa5cd2c48,0,0,0,0,0,0,0,0,0,0
cd16e99a5a07e34e2a836e193d1c5dbb,1,0,2,0,6,0,3,0,0,1
d006daa2679f0f744399280628b7cf4c,0,0,0,0,5,0,0,0,0,0
d5a5b9bef9ff09c69c6fbb4372814cd7,0,0,1,0,3,0,2,0,0,0
c6d7f83a774ba2663b233890bf918fd8,0,0,0,0,1,0,3,0,0,0
1fd1c52487762581d97d3061562d266b,0,0,0,0,0,0,0,0,0,0
21a25c44aebd7345d2d745427d0cf410,0,3,2,0,3,0,1,0,0,0
d94f702d22ac686ff2a78c96ded98a5d,0,10,23,0,10,0,43,8,3,10
a0896c6f79555ccc958d5ae14310fc8a,3,4,12,0,14,0,8,1,0,2
b1b4d0db1ab156d6747dae0ec702d841,0,5,5,0,7,0,7,2,0,2
ed538d68c138082e442d4dad972e9a25,0,6,6,0,8,0,30,2,0,3
7f91649c7a6156960fab1be697fe7a87,1,4,1,0,14,0,16,1,0,0
e1858fd9b7a8a6714eaa20e7f71986da,0,0,0,0,0,0,0,0,0,0
f86714ae4c54d3f211dc4ddf86403510,0,3,1,0,5,0,14,1,1,1
90ef86ab7c391ab82fc148d1f419dda7,0,0,0,0,2,0,3,0,0,1
2bda38e9c3c879115b90ad9b038c74bb,1,11,5,0,5,1,18,1,0,3
ac850d46fb5180e7267951dfa9f09e36,0,0,0,0,0,0,0,0,0,0
8e3d8b3e474b46189ebf9a6dc809bee0,0,8,12,0,3,0,17,3,1,2
07eda31303c4ebd545fa2dedae5f7dd6,0,3,8,0,6,1,18,2,9,1
ee62ad9476f20f81a6c52c8562d0fb76,2,20,133,4,27,17,331,46,42,49
828d9e7c8ea950912a66f144b5960def,3,11,12,0,10,0,16,7,0,4
71adb79e626fb1b09726781fe0c4a7a0,3,31,170,5,34,109,821,142,193,82
aa532f0935c3f7f5d2f1f337125998a0,1,39,222,5,35,28,649,59,93,79
88cc874efdd2c6233f5ec2ca46667cdf,6,31,191,3,41,22,611,73,80,70
6cadec6434a1553cd7cd5bfc35e7589f,0,32,130,6,37,14,535,69,79,77
0e9d5c24b472d5ce239c7cb84ecf62f5,6,39,191,4,39,32,669,58,74,75
99d99b2ed4c9b22a289f82592a628bec,0,0,0,0,0,0,0,0,0,0
7055b2ecf76f50e281ae752c08fc5d56,6,25,60,2,26,20,362,40,42,24
95804250db351da3502379b2ba13b3b0,2,41,121,4,41,155,899,65,100,78
dbc59ea85ca0449a2bee77fe997bd022,1,9,30,1,22,24,191,9,43,19
d250932a3dfbef1c1f5d9672f8d4f851,1,0,0,0,16,0,1,1,0,1
807c34572db1c1d13f8eb9bf3fb42052,0,0,0,0,0,0,0,0,0,0
128ac0ce23e9be158f8be95d3a1230da,1,0,0,0,2,0,4,1,0,1
f5eea81c8dd76781b2ffd68751672c9b,3,7,11,2,10,0,177,2,2,2
309c19c286297a39a95651299fefda6c,0,0,0,0,0,0,0,0,0,0
03fb2af4e29bb680718a601c24c7e383,0,0,1,0,1,0,1,0,0,0
1246d9b5235e6ace068796b10502d732,1,3,2,3,6,0,22,0,1,0
47a328db84f9e056c82b304f92ecb409,0,2,1,0,7,0,1,0,0,0
b98277d65c601d5a1c2b3570e3b76748,0,0,0,0,0,0,0,0,0,0
b06f58368eeeeadb137ec3e37ee5a730,1,5,11,1,4,0,33,0,1,1
e0d4c5fc70ddb2721f22fc2dbec1479d,2,0,0,0,1,0,2,0,0,0
388b983d0a7d35985d9cbf68b421d74e,2,2,1,1,15,1,12,0,2,3
92a75a14ab80c9e28e03352308d40626,0,4,4,0,14,0,28,2,0,0
01dca9ae4113a5ac29161850ae0a584e,1,2,4,1,7,0,50,1,0,4
91e902f28ac97f933376643cf72c8836,2,13,6,0,6,1,143,1,4,4
a502ac0e43db126f32b3e44e857251da,0,0,0,0,0,0,0,0,0,0
7601dca19e341d7b576e6e8d36dd60b7,0,4,3,0,8,2,14,1,3,1
2a78ed27f23d4422f32fd8de6c91fb18,0,3,0,0,8,0,4,1,0,0
3ca2b14a52f2da9400e5042ce0bff620,0,0,0,0,0,0,0,0,0,0
f769539007dcfb4ef9ad80762454e46d,0,0,1,0,3,0,1,0,0,1
bb56ce81c0ac44c26dac9891086da600,0,0,0,0,0,0,0,0,0,0
aa3615be1c0a5f24d3d48f2b92d3c2af,0,0,0,0,0,0,0,0,0,0
c419e42faaa2c88c510ce0c7784759d7,0,0,0,0,0,0,0,0,0,0
7df402974ce8d02277b4dcff52c02b01,0,0,0,0,0,0,0,0,0,0
c00939d2b431e2a1a5591061f56319c8,1,0,0,0,1,0,1,0,0,0
64585a1401b7a914dee5a34930f9d108,0,0,0,0,0,0,0,0,0,0
a8b2f2870ffe8453b03bf4786ca013df,0,0,0,0,0,0,0,0,0,0
35ccd414ca982d1f6c27946b89d9c832,0,5,0,0,17,0,6,2,0,1
00c487e01fa407095f073cff752512df,0,3,2,0,10,0,1,0,0,0
e4776e3be0e436d9c1f4cd34267bb597,1,7,4,0,15,0,39,3,0,5
1ce3316369f1ece934c7c8f92e39a759,1,10,0,0,4,0,12,1,0,0
b095a089068620acca9ccbb9c384b5ba,1,20,15,0,20,1,182,5,1,12
dc216440456dad1caa75f3c70254f4c3,0,0,0,0,0,0,0,0,0,0
6e2088dc90259293033096e480db6d53,4,6,4,0,11,1,17,1,4,11
77df83c81974049b0620202c14134456,4,4,16,1,23,1,110,4,5,9
ac5426f8414d45ceb8045084110271f4,0,0,5,0,4,0,4,1,0,0
dfd88a6e0a1fc25dfe063f795288f233,2,9,9,0,7,5,40,1,0,8
494e72f4d936f61db908d504f436b610,2,12,26,0,20,5,270,12,2,21
db7c4db1608b9f267b2d653d17528990,1,0,1,0,6,0,3,0,0,2
5ced65d3f2de135b3e58316a204786f8,4,11,12,1,26,1,55,3,0,2
ae6c2f68311088ee0199b8a73ee3541b,0,0,0,0,0,0,0,0,0,0
b7cedadf07601d60253436bce3ea54ae,0,0,0,0,0,0,0,0,0,0
1c9b4e504384b7522ddb29d6ad8bf2aa,0,0,0,0,0,0,0,0,0,0
10bb4097eca60e87ca1edb9b068f93e5,0,12,5,0,5,2,103,0,2,5
bae435e54e698139d5dfda788f91f32e,0,18,30,1,11,3,369,3,13,9
31b5ccb67e92fa05aeb98eda80bbca6c,0,12,23,0,16,2,117,9,7,7
b9a78015b1f603aa9c5d04e0661bf350,0,0,0,0,0,0,0,0,0,0
bbe0efbafa3270f90f4e91ac0e596098,0,6,27,2,11,5,66,23,14,7
232deeae078ab13c0ffbd017caccd65c,2,35,76,2,40,12,586,35,35,30
820351043bb12c79f0574e31c30849b5,3,8,18,2,17,4,236,8,8,12
8831dcca00025ea7a3ee2806605397a4,2,10,29,2,30,1,116,11,15,4
872d307bbbad0d64add72906fe049c2b,2,24,75,1,25,3,359,22,26,18
744992fc056f470ab6a62fdf286af78e,0,0,0,0,0,0,0,0,0,0
7db7ae89098f4329c771ad7bbb7378ec,7,34,118,2,43,18,542,44,85,41
940ed2bc6835c66f6261c972d4176d25,2,35,136,3,33,20,494,54,22,33
eb5ec837ef4c76f3690576b81e56f09d,0,0,0,0,0,0,0,0,0,0
56c51b6dacc21c0cc0e21be0f8a615a0,0,4,3,1,15,0,7,0,0,1
3f29b8c062227168693f7d63ab00c690,0,2,0,0,4,1,1,0,0,0
9fbd8cf95b6025ca952ab88a7b6e6b27,0,0,0,0,0,0,0,0,0,0
3c3c9bce6c3edd173e294654564732b9,1,3,25,0,13,0,24,3,0,1
00919e228676d604b048bf4248b463ac,1,3,6,0,10,1,19,3,0,1
bb59b3f8935cf178f1cd09a497b63aba,1,1,0,0,5,0,8,0,0,0
5f6b7fb100340ca7b2826b7d1f8b879d,0,4,3,0,5,0,3,1,0,0
823a7c0a3f356d951903b5cdaac8aa15,2,13,29,1,20,0,163,9,3,17
ad7cd0a017ff17122d872f7621ece80c,2,8,14,1,8,1,36,5,0,3
dc14a4907cc2ac5f2d617707b214b20d,3,17,49,1,13,0,248,10,5,15
9dc4bcdce2cce0c9e26e96dfef3a2c30,0,0,0,0,0,0,0,0,0,0
43ac337631d1610190ad849a8d4919b4,0,0,0,0,0,0,0,0,0,0
15b7374596e46b9d6815138acd9b71fc,6,17,42,2,13,4,252,17,31,48
b14d0536451c4f8dfc66d405ada124c5,3,56,164,5,34,22,633,58,24,112
ae63d3d850a455b70a3c2ad3319a6def,2,29,154,5,39,20,530,50,63,46
bf3456cf28d8768d9bc0e2ca2aedc6a7,6,20,53,4,27,4,343,40,20,57
db8ab6bfdd79d7c330060e01cbe52e25,0,0,0,0,0,0,0,0,0,0
18aa46419a8232bc6180eb2a858b8f9c,0,0,0,0,0,0,0,0,0,0
f209a040f240ef96d519d72c2ee20eef,0,0,0,0,0,0,0,0,0,0
8781780f61971951d7d176484185efd2,0,0,0,0,0,0,0,0,0,0
5fd55fb00399834af223704b15bddc60,0,1,0,0,7,0,4,1,0,1
90bb1d035e403538d20b073aec57bea2,2,79,266,7,36,95,898,113,133,151
6097a8df0b2757894ce7b4a48ae2a692,2,61,152,4,34,115,900,114,167,117
a8f6958233bd080166a0117e398c734d,3,32,69,2,20,20,548,22,50,40
d12c11f883f26f408d523444274ad8d4,0,0,0,0,0,0,0,0,0,0
df005547e76c8268f26b647a5e12c20b,0,2,2,0,8,0,5,0,0,0
d047e738a0e36e981524d47c179fdc14,0,0,0,0,0,0,0,0,0,0
4a46d93c5fb97db155e465a487dfe573,2,16,32,0,17,6,269,3,5,8
9c98aa0f9e708480e04ce9929a79044d,3,21,44,1,20,25,421,15,43,31
74f42f8f5696c64163eb86100c6f56db,2,13,29,1,9,1,110,9,7,4
207629375e9bfd951dffd4b1ff7fcc13,5,38,78,2,19,9,499,23,28,28
1fa4502dd3b35217bcd2569b0e32895f,2,48,164,2,56,11,564,51,14,43
2d4fbfa7e4642739c7af4a3ab2885bbb,4,44,173,1,57,12,695,36,24,34
1b8a8c15f1dc00107b0f6f6a983c9901,0,2,1,2,4,1,15,0,0,0
bd46fe04f8759e69ed0bede5784194f1,1,11,40,2,29,3,71,18,11,13
2439f5972a0b65da303397c790dca20d,2,20,71,1,46,9,401,48,45,30
7f21324a1ac626125fed15a3aa3f5c80,5,24,58,1,33,12,330,39,20,38
40f247a18d49432cc2a23c35e7e5c796,0,0,3,0,8,0,7,1,7,1
a44e1da9287e950fb8c97fa77c4b172b,1,4,26,1,7,1,68,5,11,9
bf7fe0c9e84a066301026d22ebce4a3b,4,16,43,0,75,6,312,29,11,19
bfa2bac9a290d96097b40bb7b0267964,0,1,0,0,8,0,2,0,0,0
db33d5aab3b2b2a7055d4c9808e6d99e,3,6,19,0,28,0,104,8,4,12
c4a2121cfe07722264fb684af25eb524,2,3,20,0,17,0,19,2,1,3
c0510dcb1ef45a9c4967cee40bb0d2d0,0,1,2,0,16,0,2,0,0,1
1cee6a6e722b2385d1e6ca3b3189e8dd,0,9,9,0,21,1,107,11,0,5
cd74ee57fb6dfb33d8b0eef08e6dcb85,0,0,5,0,8,0,9,1,0,2
867dc5aa6e532482502818d6fdaff7ba,0,2,6,0,7,0,18,1,0,2
6b3158c5b17f91fe811ee1142bf2ec85,1,3,7,0,19,0,5,1,0,0
fdc5f0bf3e4a79b9a0f5ed0c361e90d7,0,1,3,0,11,0,5,5,0,0
0a64b01e91cf367a9b016d4f6d42290f,4,61,233,6,40,102,900,136,162,279
7edf4edc378fa94ec51173f9e59b6a48,1,34,143,7,47,26,890,64,46,253
1239d1bfdc532392645d7a37f7469adf,3,29,194,10,51,53,885,141,137,109
f6d96dfe2135d219d873b67d1408f2da,1,0,1,0,0,0,2,0,0,1
aa0885cb765d5748a3bc5387a1f18b24,3,32,271,7,44,15,680,86,86,130
3d53327ef089e222f9d4aa6823f60c70,0,30,119,5,23,13,442,66,87,86
a2f40b15cb13c4a978d2d82f48857ba8,2,24,120,2,38,5,404,49,24,63
83fdd3fc77b27bdbfbc1b3a8d7912fbf,2,28,139,2,55,21,525,50,37,61
26f237c30c729d101b6453993ed7bc64,0,0,0,0,0,0,0,0,0,0
cd85cf3986d8b982f477c7762dab7d42,0,0,0,0,0,0,0,0,0,0
1a9ee00bd626f2ec7449d4300ce289ae,0,0,0,0,8,0,1,0,1,2
1b842770ddd203fad9245c0374dbcca3,0,1,0,0,4,0,0,0,0,0
61451ec3294668803de2b84e0fad9d0c,0,0,0,0,0,0,0,0,0,0
51923b642474f23cf797f916056c2085,0,0,0,0,0,0,0,0,0,0
b543fd2f7c93cae70107712096c0acb4,0,2,18,2,11,2,35,3,4,0
cd6e6a215eb29e417ce5c91ca88c28fe,0,7,30,0,18,0,77,10,4,4
69fff498a84a9030d2e2ed4aa9995bde,0,0,0,0,0,0,0,0,0,0
3e11a170a31d864ca209f196b06524fc,0,0,4,0,6,0,12,1,0,0
5c7cce2d5b9021d935afe6ba56f56667,1,1,2,0,4,0,3,2,0,0
3335cd168e3f06df5c967df5f611eadb,1,3,0,0,2,0,2,0,0,0
05a019e600bbc16f66786e9bbc8f9b6b,0,0,1,0,0,0,0,0,0,0
d4d3d57a7ac13b99819f1aea5b6493b5,0,0,0,0,0,0,0,0,0,0
52fc6d834cae1fd8ad39ba03e1ceba49,1,2,0,0,3,0,2,2,1,0
6d5b47cfac6155cb9a054d1c6d49a74c,0,0,0,0,0,0,0,0,0,0
0e54ee0fe42ff5bbcec0e625c875b04a,0,0,0,0,0,0,0,0,0,0
5289d212b5b243563c20a26de9321401,0,1,0,0,6,0,1,0,0,0
6953964e1d5aa448367de4a17745d2fc,0,0,0,0,1,0,0,0,0,0
ee6be3839b175f5070a90c23b9313f13,0,0,6,0,3,0,23,0,0,9
de2ef1a1ccc0ca9a26aae4ec07a8a30f,0,0,0,0,0,0,0,0,0,0
49bcfe15f545b6334b141e8cc8b21e97,0,0,0,0,0,0,0,0,0,0
d6d81aed68fa6c1882cb4db940d2c5cf,0,0,0,0,0,0,0,0,0,0
9993c6c42fbdc610a27c902291ef6b01,0,0,0,0,0,0,0,0,0,0
226b93904ce5bb3ea56907ee48b2cd43,0,0,0,0,0,0,0,0,0,0
0e0a461195178488a2c4adacaad17233,0,0,0,0,0,0,1,0,0,0
85433ea7d51f0c5c52676f208de54870,0,1,0,0,9,0,1,0,0,1
1f1c792481f249772997536ba130a29b,1,3,1,0,10,0,22,2,0,2
11caea7ed18dc128e8412289a81dbeaf,0,0,0,0,0,0,0,0,0,0
a1fb9ccf6c3f27e1f1f154e4a29bc496,0,0,0,0,0,0,0,0,0,0
bcd6b9fed529dbd2d89a00838005b371,0,1,3,0,3,0,0,1,0,1
012d2cf477b56f9f2fa9bedde5e92c1c,0,0,0,0,3,0,0,0,0,0
e93f712e3c5939154c687d858c07bffc,0,0,0,0,2,0,0,0,0,0
0be2c10102b8e98e0e941956025313f0,1,1,2,0,6,0,3,1,0,1
0843fd7aa7df8aebea9c0171368fc515,0,1,0,0,7,0,2,0,0,0
f8a7f70466a52a12f1eb02cb092d2f0a,0,1,0,0,8,0,1,0,0,0
eae7335cc741413744d41288e4351eef,0,0,0,0,2,0,0,0,0,0
3ebe51802939f63b1c0da1aa9d47eee4,1,2,13,0,11,0,21,1,0,6
f7a2e6e3b774022dcc61e2316379b46d,0,1,0,0,6,0,2,0,0,1
aa5c3ac6a83fc8fb764904b697adb904,1,2,5,0,14,0,27,6,0,0
56cfd363d3eac7b940c37c255e6c2885,0,0,0,0,0,0,0,0,0,0
9d6ddf99604eeb98a3875f53706f24ab,2,4,17,0,18,0,46,6,1,4
dee3251d4baf19da45f490983337b4b3,1,1,1,0,7,0,6,1,0,1
cb69870792cafe9d608ac9318ac80ec5,0,0,0,0,0,0,0,0,0,0
58865716a8e6ebb84f5e7bf995ccd10c,1,2,0,0,15,0,3,0,0,0
f06f48ee0dbeb577ecf0785de65072b1,1,4,16,0,15,1,33,3,1,4
71c1ddc6d7af830f9cfadc3bb133701e,0,0,14,0,10,0,9,2,0,2
7184c1039fc68f859244c6c7a9ea6927,0,5,0,0,5,0,3,1,0,1
5626e94de3685f64bfe4f6694b2a2714,2,14,3,0,14,0,50,3,1,4
3b469d943698512a050ff97f0096c960,0,0,0,0,0,0,0,0,0,0
8f6f21889c3cef256f5f17386d90c3fb,1,1,1,0,6,0,4,0,0,0
819d0221acc3b3cac1ef4deda782315a,0,1,0,0,6,0,5,2,0,1
e21d578e881fb0e2373068d011da66e1,0,0,0,0,0,0,0,0,0,0
f3c246f9fe860854b3d8ec8c92d353b3,0,9,0,0,17,0,6,1,0,1
5fd0cb0e390580d228202b4679f3312e,0,0,0,0,0,0,0,0,0,0
9a039dad04c6242376baf54e9897f6bd,1,4,0,0,17,0,1,0,0,0
69ce15b2fe6567de9dd5d0603f792bc9,0,0,0,0,3,0,1,0,0,0
269181e09d422721423c2c0f10454376,0,0,0,0,0,0,0,0,0,0
d77c3328beb2a596f115ea30d7e6a930,0,1,2,0,3,0,1,0,0,0
313f1d829689697f197c471bfe39e657,0,1,4,0,3,0,6,1,0,6
2d3d69da5ef799fbad17aa73686cfee2,0,1,6,0,7,0,12,0,0,2
6c4247d21d425bbe409b528efed9b173,0,0,7,0,12,0,4,0,0,3
e2b48ccf90a2aebcce0e7f55a86a0b64,0,0,0,0,0,0,0,0,0,0
6db20ae1bf4c678a8004634100865d42,0,0,0,0,0,0,0,0,0,0
2762429b08426f1d5c01b7b6fa627ee9,0,0,0,0,0,0,0,0,0,0
96731b96f7af68273355586c48e05153,0,1,1,0,5,0,1,0,0,0
b77a268d0fc4a78d3e80a548306aeb66,0,3,0,0,2,0,3,0,0,0
30686aef96b067e2ef05fde869bcc4f6,0,3,2,0,2,0,12,0,0,1
71b65143ecbca76c6636cceb3d506353,1,12,82,0,25,1,52,5,2,14
a08dbf9aad53edc5e2c4bfcd61ab1698,1,1,1,0,3,0,2,0,0,1
09eb262ae428ffaa2a8404cee88b3198,0,8,2,0,0,0,7,1,0,1
018a188110f1f31b6236e3e5d997b1cd,0,1,0,0,1,0,2,0,0,0
79cdf8f3f91ab0c06b001b4bbb7acbde,0,0,1,0,6,0,1,0,0,0
4b739d7e1a94d155006adf2b30d45315,0,0,0,0,0,0,0,0,0,0
0bd630454de1b191c35da243f244621c,0,2,2,0,10,0,1,0,3,1
b941d6a2ac27663896e090b5aad9025f,0,2,3,0,12,0,6,0,0,3
46e711a4abae399b7e393d6885f8986d,1,3,21,0,25,2,61,4,5,2
ad43cf1d0886c294552569659be180b4,0,0,1,0,5,0,3,0,0,5
59a196644ceccef7f7788bb1cab853ae,0,0,2,0,2,0,3,0,0,1
8bf2b12d0daec8486e5ec45f9d845a8f,0,0,0,0,0,0,0,0,0,0
569a68b826d24e6b6ea0741408202b9f,0,0,0,0,9,0,7,0,0,3
327e13e206d9d2467f5a2c15f5f7d694,0,1,0,0,3,1,4,1,0,3
7297877f76f749699f1f2651a763cf00,0,1,2,0,3,0,3,1,4,0
dd53f51e74ca85f9ea87c8dc92bc8193,6,19,16,0,40,1,88,10,12,6
9112584884403d24efca39e572c28098,3,24,23,0,17,0,160,2,0,7
da246e05e99e83bb0d6bd1e225f90757,0,5,5,0,13,0,13,0,0,1
b40b7843caf6107ac836865d864cd2ee,0,1,0,0,6,0,1,0,0,1
74afcffc17f289a704c79aed118acb7a,0,4,1,0,8,0,3,0,0,0
c9555cf2e96c2a983b354596c7a5c768,1,1,1,0,7,1,8,0,0,1
00c3dedd2ecdbfccd14c1e5701c54ba5,0,1,0,0,4,0,1,0,0,0
d5ece22433aedc54d7bb703319ee61ef,2,10,1,0,8,0,19,2,0,4
73073d44bda4a607354b6a4fa332276f,0,5,0,0,11,0,7,0,0,0
7915049f91bc687ba6b90705369d5c88,0,12,10,0,11,0,44,0,1,1
da35a4a7a0dc3d46f37f94b19fa9b8c0,5,44,73,4,19,6,704,19,12,52
4833c847b49341b5b0d720aa69931905,4,30,50,0,12,6,528,13,15,32
8c269e40d177f46840aff30baeb25e29,6,34,117,6,31,4,732,47,18,68
38944f3b06e94c07cd6be6b4dca4e5c9,0,0,0,0,0,0,0,0,0,0
86b8143c4b45943cbe0b273b45541c88,3,53,236,4,48,13,899,67,64,120
32aa96109cca0b30294942b97d5fb660,2,43,56,0,8,2,716,6,8,28
9db8cda5452cd8a523003d24a855fe64,1,14,17,1,14,2,181,7,1,6
ead32e806ae52e1a86ee208cec4d36b8,0,0,0,0,0,0,0,0,0,0
6bd2b6e9580c472866cf66e33d318fb4,1,24,27,2,13,2,509,5,10,12
714080edd62a767ac7b72a8664283c8a,3,2,3,1,9,0,34,0,0,4
0fe4b721e6825a20b94928104a1e4197,1,3,5,0,8,0,4,0,0,3
2272c0c9d2ed494cb912074aab68d8bc,1,11,2,0,9,0,35,0,2,5
7ef483b9ce96e73e6e22afe64ffcbf31,1,13,6,1,7,1,200,3,0,0
6f09f53e3e41bed3684da184e8a3d8f9,1,2,0,0,4,0,2,0,0,0
1ad204947b16a6494bec410b2b5ff8c5,0,1,0,0,8,0,1,0,0,0
7825bffabc7521d6ed7a1436bc09ba2f,0,2,0,0,7,0,2,0,0,0
826b7d1b884d6d0f7db0e27d282548a6,0,0,0,0,0,0,0,0,0,0
24572c66651ee0a23431c9532a0279e9,2,6,2,0,8,0,4,2,0,1
e4c1be81921a688f2fdb56a8c5a5141f,0,0,0,0,0,0,0,0,0,0
4ad24c597e87af043b56c97b73af9836,1,1,0,0,11,0,2,0,0,0
7def9690d42e146ef822580904b02b32,1,5,9,0,21,1,71,4,0,6
83c59ed802fb7e66720262f0ae2d750f,0,11,4,0,30,0,43,1,0,9
041a0f31ff78af0cdd0c3953fceaef1a,1,3,0,0,18,0,5,0,0,1
ee3e292885e928e3b0ad09a681798973,2,4,0,0,9,0,14,0,0,1
e4d1585345d65f20376d2153f3108c89,1,2,0,0,13,0,18,1,0,4
4577116c7c987a992f547f85dcb39d3d,0,0,0,0,0,0,0,0,0,0
a901262ccebdc9ac99178c0b4203ab41,0,0,0,0,0,0,0,0,0,0
b041b8f4ebeeb649161c6bda658d44e2,0,2,0,0,10,0,1,0,0,0
047a9ad71429111672c1fa576fdabf5c,0,0,0,0,0,0,0,0,0,0
f5b3cd69d425ce8db9b57b9320fcf857,0,0,0,0,0,0,0,0,0,0
aaef975c26a7b55116700c9d76032818,0,0,0,0,2,0,0,0,0,0
b2f740b958407661a33db4fc595b5d4f,1,1,0,0,13,0,4,0,0,1
95b3b56c69c23c19944a9c3bb4937c1e,0,0,0,0,0,0,0,0,0,0
c1fadd6a55cdbad20c7678b61820c3f8,0,0,0,0,0,0,0,0,0,0
47b9630c4808e4e37e0943fff5e82650,0,1,1,0,9,0,5,0,0,1
860b6734d7304a7c4b16f53b9f1d97bc,0,0,0,0,0,0,0,0,0,0
f2e0c867d2a5c3a787ff078be1606132,3,6,15,2,12,0,24,6,0,1
978343a3c4b0d8c944f7b0c03d5f65f6,2,0,0,0,4,0,6,0,0,0
2272905b3b6f6f8737078f29966ff749,2,2,2,0,2,0,5,1,0,0
3d8b6071bbe47369d626aa9a4e9147c9,3,26,66,0,24,2,299,12,3,7
5e272efe43d56fb7a5d75535e6612aee,1,4,25,2,14,2,27,1,1,5
466f85898caa5a298ced911471f597cb,1,8,5,0,9,0,18,1,0,0
699546aa90d635701d3b15c436ba6683,4,42,94,2,69,7,638,44,34,47
a7de2a1d9dea7e92bbd9832377266e4d,0,0,0,0,1,0,3,0,0,1
ff43e24cb01f871269fa67ce8b4bcf7d,2,9,20,0,18,4,84,4,1,3
e21919f2589dc924e6c18d9ffe5d6653,0,1,0,0,0,0,5,0,0,0
ffc64be5a091dff67fbea9422e855e20,0,0,0,0,0,0,0,0,0,0
fa64cca051627b44b5e97b9577041d21,0,0,0,0,0,0,0,0,0,0
4d38342efa7defda6eb3b727dfb670c8,0,0,2,0,7,0,14,0,0,8
6e39f74307e9c407cf62f7a02d613243,0,0,0,0,0,0,0,0,0,0
e8302e9fa78e5b79421d81a6308a9932,1,0,1,0,1,0,2,0,0,0
adcaea25258e5cadef0d667aa0423db6,0,3,0,0,2,1,64,1,3,1
1711b502d1dbe02b52e9b04f65a7a473,1,5,1,0,14,0,30,0,0,5
7cca9459ccf16195f22a0c4f8e89e0d5,2,25,56,2,53,5,295,27,9,18
8956faab5766426366bb3c2cfb73ce4f,4,33,65,1,52,2,599,35,15,51
f67bcf5f7c9c7dcad2da684ba54c9880,1,11,7,0,14,0,100,2,0,4
bb21df01a67d42b40b0299446d15d93c,1,5,8,0,21,1,25,0,0,0
94662c58006d415cfe03bd601c106945,0,1,1,0,7,0,5,2,0,3
423a57f42a4e2a912849caf06d4c293f,2,8,0,0,14,0,43,0,0,3
465d8354075be67947793d4c2d79bced,0,5,6,0,8,0,5,0,0,1
31e337a40b285fe10d13edbafe12fee3,2,1,0,0,5,0,2,0,0,1
b225f578a43406f62c1c2c8e391e4030,0,0,0,0,0,0,0,0,0,0
896725a83be4ce7522f32ab17921bf38,0,0,0,0,0,0,0,0,0,0
929995667c8d5dfcff761c7a9ef0ec6f,0,0,0,0,0,0,0,0,0,0
2f8745d6ac066152df4b115195ba8bfa,0,0,0,0,2,0,0,0,0,0
7ba522b30afe745d8610690335628658,0,0,0,0,0,0,0,0,0,0
18a89d6c89e4725026f3fbd70ee90192,0,0,0,0,0,0,0,0,0,0
6f38b4c131f7ba7b8aabb8ab93eed960,0,0,0,0,5,0,9,0,0,0
b691373bd009104be728e4f338a9dc57,0,1,0,0,2,0,5,1,0,0
b9883f877bd89432a0131d1241756ded,1,27,25,0,18,1,285,3,4,11
8837ac95b432da5e6de6f14024b1a6eb,1,15,33,0,31,1,216,8,1,5
710323f4cb05fa6f508406dda4a7304e,0,0,1,0,0,0,1,0,0,0
0182ad660e69b4a4a631835aed51717f,0,1,1,0,7,0,1,2,0,0
d418d6a934ab24a6b5619177a48a3ef0,1,1,0,0,5,0,2,0,0,0
89c4e28226f42f771c52dc48c34bcbaa,0,1,0,0,7,0,0,0,0,0
223c460bdea14e33ab54f80840a5fcb7,0,0,0,0,0,0,0,0,0,0
a11ddbd563bf168ad129d26bccc537a3,0,0,0,0,2,0,1,0,0,0
1e3788fd46c8e4e0389624c0057c9a36,0,0,0,0,0,0,0,0,0,0
cce72332a5353fa1a92f8f1bc9787b5f,0,0,0,0,0,0,0,0,0,0
2ab3912ad3f1e5bb6e552ba05f364895,0,0,0,0,0,0,0,0,0,0
b0c243d4fe8bb92d9b74542ca4f97b12,0,0,0,0,9,0,1,0,0,0
d832ba920a9c7be898974f5d277eb38e,0,1,1,0,6,0,4,0,0,0
503a0aedffb5070bd7cd99b9f69cf872,1,0,3,0,18,0,9,3,0,1
5ec64d95993fdfcd87858535568e58fe,0,2,1,0,5,0,7,0,0,0
3873d1e3dace45b6817e9e467ff07032,3,4,0,0,8,0,5,0,0,0
12b62a069bde17894c567386946e2e43,0,14,0,0,1,0,3,0,0,1
bc359e7dc6e0b87252591cd9f9d9c705,0,0,0,0,0,0,0,0,0,0
eec3947a16b160956b2b5aa533156325,0,3,4,0,10,0,36,0,0,0
d58a636a4f532a27dde9d83004611cf3,0,0,0,0,1,0,2,0,0,0
6565e4cb563a31215e3c3a0da6000c11,0,2,0,0,8,0,3,0,0,0
302accf27db3d9bb080fe229eed1acea,0,4,0,0,4,0,6,0,0,0
694b9a273ca6455bbc9fca9183d4cc91,2,2,1,0,8,0,7,0,0,1
41efef1b58da836e574dc28bf74a7f3e,0,0,0,0,0,0,0,0,0,0
54f92a9dea2c747299c96efe0a1ef2f8,0,3,23,2,11,0,36,4,0,2
02d7ff35bd718436df52bf7f9cf8b4ba,1,5,12,1,32,3,64,4,12,10
e3343b53f89ccabe265282f520801a40,1,5,7,0,18,4,67,4,11,7
da9ed8df40bb207dbd6bcab3b151d262,0,0,1,0,10,0,1,0,0,0
e5bd6675c082d4edb84451065467e861,0,0,1,0,5,0,1,0,0,0
736f090c3dd1b4a4c9998db6006c1e53,0,0,2,0,10,0,1,0,0,1
2fddffc17accdbf1037fc2888d6a022a,0,0,0,0,0,0,0,0,0,0
a422463c90dbf6463f25368ec0d37664,0,0,0,0,0,0,0,0,0,0
da33f4a2d38eb42340d8e2f327a8c163,0,0,0,0,0,0,0,0,0,0
24a03cc50446898cb353c140da859389,0,0,7,0,7,0,4,1,1,2
422324aa2596603195ee805a53328e38,0,2,2,0,8,0,6,0,0,0
fa2606feb890f8f0d94a4331d96a49e7,0,0,0,0,0,0,0,0,0,0
6192c44cd28f8d5275bf9c98cc3ecf99,0,1,0,0,2,0,2,0,0,0
39b1799cfedfd8455babc336da82f052,1,1,5,0,9,1,2,3,0,1
a2a5925a9e5b50c9af3f4115d03ecd1f,0,16,17,0,11,1,311,4,4,21
3682b6ccb68d393ec08a6f464efd9764,1,20,49,1,15,2,326,19,3,34
44a5de5644ca5ad7365a5d1df6d24448,4,17,41,0,30,3,326,16,12,16
0968f6044a95ff387d31da2c9f6eee06,3,17,31,1,22,1,293,9,1,27
82aff9a858ea62bbf9d0a79da93c5fa7,0,5,19,2,54,10,208,21,58,26
a51231870febbfd0e7d9658137929994,2,4,8,0,6,0,58,2,4,4
a8e261fe7623f716097101a5e3f6ea9d,0,12,42,2,29,7,166,19,7,20
b21217d0806eb3e9a67d4ad96469ab45,0,0,0,0,0,0,0,0,0,0
1e5375426fe26ea33a8a14df4e367854,0,3,2,0,3,0,2,0,0,0
471a8cdf24620f3927698e48e33c2903,0,0,0,0,0,0,0,0,0,0
61f4f82f148143283fa0badae86789bd,0,0,0,0,0,0,0,0,0,0
e437b314b629f3ded0affeade06bddbe,5,11,18,1,21,7,224,14,6,6
19d02d185f8bf0d983c23113b7ee65b0,0,0,0,0,0,0,0,0,0,0
038f7f498e450d9009253071f5945fbe,1,17,20,0,15,1,314,10,8,13
fdd67a1dda24678a1631b517e4e2681d,0,0,0,0,0,0,0,0,0,0
7d241829f5fe46c32b3aebd5f4687c1a,1,0,0,0,0,0,0,0,0,0
dd6261c42325e5a1edff88572ca43d32,0,0,0,0,0,0,0,0,0,1
d4c873692742421b1190c5406c3e423d,0,0,3,0,1,0,4,1,0,3
2f0e25c19ad3b80650f9c2dfea4620b4,2,8,26,0,15,1,208,10,0,7
9587a8973503a4c4bec618a1c30b200d,0,0,0,0,0,0,0,0,0,0
07fd2c99fbcfe9b9fcdbc384b7e22ea4,1,4,2,0,4,0,21,0,0,2
ed853952183e07e4b8d7c247e219bc8b,2,5,18,1,13,0,13,2,0,1
8e69f92a8f60f098422da20cec1174f8,0,2,0,0,10,0,1,0,0,0
2e336d152e62f64194bd2f14f6cc185c,0,0,2,0,9,0,3,1,0,1
945c9e000b815c73ae753766725761de,0,0,0,0,0,0,0,0,0,0
7d61ee46ee30990eebc8e2ba76668f33,0,0,3,0,9,0,3,0,0,1
5b56e5e49aee4827e5eb48b6636833f3,0,0,1,0,4,0,5,0,0,0
84c9ed261df34c17f280be3d58f46e26,2,1,27,0,14,0,3,2,0,1
5d1f0eaa274ff6cd822568caf4e8bbdd,0,0,0,0,0,0,0,0,0,0
6c86cebd555063eb15a4c93a305950f7,0,0,0,0,0,0,0,0,0,0
eeff7ddad5e6d41edf1f7460a0127d48,0,0,0,0,0,0,0,0,0,0
f062cbc32536d8a203793444f7dfbd32,0,0,0,0,0,0,0,0,0,0
b17b42aab234303a69bed65b36cd0b6a,0,0,0,0,0,0,0,0,0,0
297f942ba4a99884a2581d371027685b,0,0,0,0,0,0,0,0,0,0
5682d919176e34e8716654dd290581d0,0,0,0,0,0,0,0,0,0,0
0ea09340ae4b78e674fa0630a75a0db8,0,0,0,0,0,0,0,0,0,0
77d526c2aa0dd36f93ce5131c1019795,0,0,0,0,0,0,0,0,0,0
734f7013fec7878fac3a13bc69e11143,0,0,0,0,0,0,0,0,0,0
752ff994dda6580f42a3fe7d3e7974ad,0,0,0,0,0,0,0,0,0,0
ef740372d05133081aebf3e360ee8a89,0,0,0,0,0,0,0,0,0,0
f49726373f6f045e7e64059674acdc76,0,0,0,0,0,0,0,0,0,0
29382ae33da09148bb0d2fa99f50fc41,0,0,0,0,0,0,0,0,0,0
02d8c696b1b6bfd8dc7e03c4d15d0aca,0,0,0,0,0,0,0,0,0,0
91c0e58659d23be8f63f358e9b7b962d,0,0,0,0,0,0,0,0,0,0
1964487f38f24f0313e7e318c6588d89,0,0,0,0,0,0,0,0,0,1
618593e7c22c1b7bedb19e094af26b62,0,0,0,0,1,0,1,0,0,1
d47e1d2a32c2dc57bc90bb4f01f0580c,1,9,11,0,11,1,37,4,0,2
ed5da22622a4f7410a74a26ff97396ef,2,4,3,0,8,0,10,1,0,2
055c124d05db99de65a6db20c6c57ce5,0,0,1,0,3,0,0,0,0,0
1ca6652abd47496f33055fe7b52dbc38,4,1,2,0,7,0,3,1,0,2
bd5c4dfd9df786763100a93293b61986,0,0,2,0,0,1,5,0,0,1
a30c212b61e698f5345dbabb26b6eca2,0,0,2,0,0,0,4,0,0,0
2a3887f27772a1875a2cd9a23880384a,1,17,10,0,15,0,90,2,0,1
93379f5f7196f160eee907183d19ac8c,1,9,11,0,7,1,53,2,1,1
7055be8570da0caf6438ac28f01ab76e,0,0,1,0,5,0,5,0,0,6
0a483c14c465fb690613795f21b69ad0,0,0,2,0,15,1,4,0,0,3
f2aeda2365ad6fccdd13854effc615aa,0,0,0,0,0,0,0,0,0,0
46abc98a24b4d7ded11dc9c72bce823b,1,3,0,0,10,0,2,1,0,0
0635f46e5e625881db84a8ac48c67146,0,0,0,0,0,0,0,0,0,0
c5d627abd789b01c0bdd2482aa7cf0bf,0,0,1,0,6,0,2,0,0,0
87104674e15c13507291f5cda34a212a,2,2,0,0,8,0,1,0,0,0
eb7bfeb66b7a75eb4a9cd322dc0b10e6,0,1,0,0,8,0,1,0,0,0
f7d4411c65a083bbd400a94f91bd3434,0,0,0,0,0,0,0,0,0,0
fb679d32e40e9c6d36f75c1cb4b34448,0,1,0,0,10,0,1,0,0,0
b5d28bfac7da84b34c80c48c216b1ecb,3,4,21,0,6,0,38,4,2,4
4b52be98621ecb5ee31b68d0ee73ed1d,0,0,2,0,0,0,1,0,0,1
9b9877e4e569210f029f2a10dedd4eca,0,0,0,0,0,0,0,0,0,0
c6cd6ec997fc3815a0f3313be796839e,0,0,7,0,0,1,8,0,3,2
b7aabe557884939cae00c094338194f0,0,0,0,0,0,0,0,0,0,2
e38697408a69ef6aaa156f5f5cabe7ae,0,0,0,0,0,0,0,0,0,0
711ff0ca2d21791f367a98f8c4af2a42,0,0,0,0,5,0,3,0,0,0
aadeb7bea3a005f09a3d32f3cb9a09ba,0,0,0,0,1,0,1,0,0,0
ef8089200ccb3c64136bfa3ae8c261a6,2,2,4,1,9,0,8,0,0,1
75da0bed2786409bc839a54bc3e4d9ee,4,27,25,1,23,2,652,15,9,25
b38b2bdeccff4cb454838d57a96a1251,1,4,0,0,13,0,2,0,0,0
62a23e5944431a283f8d2bddba703dcf,1,11,54,0,13,0,259,10,5,17
b838aedd66a9265dd77a43c95d8ff061,3,23,42,1,48,10,346,43,9,12
5579099e814740917f0778e717727638,0,3,3,0,9,0,6,1,0,0
96d21a0ff3d3c6df1d0451c176d4affa,0,1,5,0,6,0,7,1,0,1
c1fef2f922babff13a0d345cb4f9158b,1,17,41,1,60,1,355,25,0,21
7ccf94f1d9d2db59f9d2fa8e0881bd0c,0,0,2,0,4,0,4,0,0,1
af746b6a8cda5763333aca39ee317d83,1,11,9,0,19,1,73,1,3,7
f28789ecc9481dbd6d51b5014289ecba,0,0,0,0,2,0,0,0,0,0
91834350487c825d61daaaacfe6f0b50,0,1,0,0,6,0,0,0,0,0
c52fff1d9f275c1cc48667aa28e66528,0,0,0,0,1,0,1,0,0,0
6c3b442f9438cc0eb5c85020566968ef,0,3,3,0,10,0,27,0,0,3
220cfc2ee2acb6d3a93992a3b8b62012,0,0,0,0,0,0,0,0,0,0
2ca47c3c78c52eb8deb3f31b118257ea,0,0,1,0,6,2,7,2,0,4
a78c8f7f98dcecfbe50785e68a921d2f,0,0,0,0,4,0,1,0,0,2
356d634477800d1fdcd0f5aa1c9e780a,1,4,2,0,6,0,5,0,0,0
f6f125828f496d10ab1e9ee1854b64a3,0,0,3,0,11,0,4,0,0,7
4b084cc467fa96dad42fffee8debccfa,3,5,5,0,6,0,23,2,0,2
118b50b0c7974e9c80b6178d396f9183,0,0,0,0,8,0,4,0,0,2
0d2b13e91b53d7582087563013880886,0,0,2,0,3,0,1,0,0,2
e18a7609dbf462662deeb8fbf849cf0d,0,0,0,0,0,0,0,0,0,0
8fcec899820258d3d0487fc025b511a9,1,2,0,0,10,0,7,1,0,0
9b690fa81b637457bff0642a8731fb3a,0,0,1,0,6,0,6,0,0,2
bb72ce82e7bdf0a8668020525f722ebe,0,0,0,0,0,0,0,0,0,0
b84186aaaacf4c28cc5fce9e837b2274,0,4,5,1,11,0,3,1,2,1
5a4621420a28beec3f696cedcc7a5ea3,0,1,1,0,5,0,1,0,0,0
769aefc6b4623e38f22160e524b8e20e,0,2,5,0,8,0,9,0,1,0
cebd06f631cf0b3cc33b8fbd4c1617d7,1,15,36,1,14,4,165,19,5,18
47a49eda5ad7c0536e8ff21f2a9a63a0,0,0,1,0,2,0,8,0,0,4
ddc1e6b60fb835c37105b96c31cff76a,1,14,120,0,9,10,205,32,8,19
e0c66ba3bd54d722cf4585f762a4a390,1,1,6,0,8,0,11,1,0,8
fc99f438b5517860c4d62dc2ca9eefc5,1,8,78,3,14,10,189,14,4,22
4c936591e975f5ef17ac5c31102731ce,1,0,0,0,4,0,22,0,0,2
3188472e3f19ed5b02a636bfaf921861,0,0,0,0,0,0,0,0,0,0
5433fd2f95bcd3fd2808c18350a17c7e,0,1,0,0,2,0,0,0,0,0
feb0c6d516d9783c5474cc4900a20118,4,5,24,6,26,7,180,18,50,19
6371678dd4d13cd49f0472eba1a833f7,3,26,91,3,38,16,434,40,28,30
501f64ffc8d752f585c1bd8a45dd7540,5,16,21,0,15,17,527,11,15,16
5940945add3287cc62082a978c139e10,0,2,3,0,13,0,1,2,1,1
9a9dc0c5ffb1ac2c0c67c202840d2939,2,15,47,2,18,3,93,19,10,10
3486f95ac6b92d3f341da9779d23256a,0,3,1,0,9,0,8,1,0,3
a8123ac57d38569c1ef0ae7a675a2220,4,33,199,4,39,41,761,60,63,78
3ff8b805c157f1768887ce69dc6438d7,2,1,0,0,12,0,3,0,0,0
3b9a14c4ef3d15bef6f6f7019c9e20a8,0,1,0,0,11,0,2,0,0,0
85e49ded1fa70a7bfa01ab0212a6e538,4,7,51,1,20,1,74,4,11,10
2cad8fb49467717137dcb5b85fe4c620,0,0,0,0,0,0,2,0,0,0
f68c7b61e53eccd9f70b0a2d0da8062a,2,29,62,5,31,39,529,67,61,59
2f7af10ad56b00f177683f43f8fbba96,3,7,10,0,15,1,48,1,0,3
75c995d4292f30117cda7b5b367e6ff6,0,1,1,0,1,0,1,0,0,3
005d6e377e80a2a4fa5cee73f8d715ad,0,1,3,0,0,0,1,0,0,0
5ef0a31cf45ea4bfe44d39870c99d398,0,0,0,0,0,0,0,0,0,0
85068fa133e6aeb66a479b6c83e242d2,0,2,1,0,3,0,4,0,0,0
bb2dc22322d27a378a7e255f5b590cdd,0,0,0,0,3,0,1,0,0,0
fa0c68fb1ae292731044f3bde6c4d9fe,0,4,1,0,29,0,1,1,0,1
8da02d86370c4acd6a3548c58da3ae9f,0,15,27,0,70,3,198,39,9,12
96a0825328c22e36b94be4971c31738c,1,6,10,0,12,1,134,3,2,5
0f093b28f5ed001d1f57e0193c6d788e,2,0,5,0,5,0,1,0,0,1
85e8ec6ff84fcc4079b44d400185cbac,1,0,8,0,14,0,4,0,0,0
ffeee2bc38019e364ba5611a3bbcdb86,0,7,1,0,15,0,19,0,0,1
73d32bffe96dfaf48113773b91179d8b,0,2,0,0,4,0,3,0,0,0
1e86a33c7a88e2da65c7dad1ad8a57db,0,5,1,0,13,0,5,0,0,3
9e2b502d2129d4652caf32a6a826ae29,1,2,0,0,9,0,2,0,0,0
f62d9de83f8bb9eeeade47b8b12f9058,2,1,2,1,17,20,34,20,4,28
36a44fa059ee973ae9a12dcf32e9865b,0,0,0,0,0,0,0,0,0,0
423827be11616f2eaaa2d9b5c91bed1a,0,0,0,0,0,0,1,0,0,0
a75e4bbe9632b9ac609ff0e2fcc2ac71,0,9,1,0,15,1,19,0,1,3
7b3400ec2ed46bc21a4e6369b95fcc98,2,5,1,0,9,0,28,1,0,3
70e34e69e3ee2c2a9f61e6fda6b42c44,0,2,0,0,2,0,6,0,0,0
654396cb8e10fc64b492a4aac32dcd8b,1,8,3,0,6,0,61,0,0,0
a84d4c9814ed9ce73610662b8ed8be86,0,1,0,0,8,0,6,1,0,0
4a87bc775e2c59b5a04b9567ecb680f5,1,7,5,0,0,1,22,1,1,0
ed9fe2f38be52e5b0359a3c18c9627de,3,5,19,0,8,0,24,3,2,6
8eb5a051d93d55c2c56792a24b2f69f9,2,13,8,0,14,0,222,2,1,10
12a15a235790e881334e543eac892015,1,2,6,0,12,1,3,0,0,1
393b338d459cf6c1666f0af7cc43191b,0,14,14,0,12,3,118,11,1,15
aff09e4388faa566a38fd42a8ea25666,0,3,0,0,6,0,3,0,0,0
26ae301b9b3680e3484c0a703aed13df,2,1,0,0,6,0,3,0,0,0
4e3314e2712d7eaad7eaee48635eec35,1,1,0,0,6,0,2,1,0,0
ac676beb7b26e28b0beb8e44f641975a,0,3,0,0,9,0,2,2,0,0
bdde627d065b1f69203f9368cf967e87,0,1,1,0,3,0,2,0,0,0
f29a88d75396765da6a7c68487bc61a3,0,0,0,0,0,0,0,0,0,0
219c092e3f315ea86702b1213f4c6e8a,2,2,10,0,7,1,12,0,0,0
1d901777cc77c550eae7d17295712366,0,2,1,0,6,0,1,0,0,0
9ee6c1e98cf752a0df16e9e545980d9a,0,5,5,0,7,0,9,0,0,0
77c075d1a619c91bbc396fef70a242c4,0,1,0,0,5,0,0,0,0,0
6c6090fb8d1ee7761e5c5ccc7b4e31bb,0,0,1,0,6,1,1,0,0,0
1e72601cb266507264f020eadde2e5c9,0,2,6,0,3,0,5,1,0,1
bacb4cf974a35d156e801acbebcbf5f2,2,4,0,0,3,0,4,1,0,0
9c0942d8995ace7cf6190cb9d41ff12d,0,0,0,0,0,0,0,0,0,0
a83a91134d54d3e58caf73ea574f89d5,0,0,5,0,8,0,11,2,0,8
5ed0cc55b343e081eabc83dc4eb3a764,0,2,1,0,6,0,3,0,0,0
ec4656c6bf61f1aa3f710772c49643d9,0,0,0,0,0,0,0,0,0,0
87073ee71f2de54149246b96538c5f0f,0,1,0,0,4,0,0,0,0,0
35eb78b7e5c3294606da857e9a609167,1,3,7,0,9,0,18,2,0,1
58a7a0b2f72f1e35fffd9688c51e1f90,1,3,1,0,2,0,13,1,0,2
c9b7d195196943cf90d511518a17b0ff,2,0,3,1,8,0,3,0,1,2
b46fe24b37489291ae34d6f72c374619,0,1,3,0,4,1,30,1,0,2
0b614189728d3306848d19bedf4ad6b1,0,12,28,0,16,0,142,5,3,12
21f64fda1277b624d6962afc21f78e5d,0,0,0,0,0,0,0,0,0,0
44ac9a7ed9efe259711fbd09c7d9e632,0,4,16,1,18,2,54,3,0,5
098e9c99cef683c5aedd4fc01db4b914,0,1,16,0,7,1,47,6,1,6
8e6c1efac4bed762fd2f21e842940e41,1,20,60,0,17,0,198,7,4,16
9f02ff45ba5ceefdf82259a8fff02cde,0,7,0,0,4,0,8,0,0,0
8c3513cb39ce641b6a9bf3c939b37a03,0,12,9,0,7,0,38,0,1,0
92906d16e64d3490a412164bc1b69357,2,40,27,1,47,9,393,27,1,33
4e901821741b19c3f62cb5cdb97b23ef,1,1,8,1,10,0,12,0,1,1
ed55f0866fba02bb53fa0ddfa6b59bb4,0,16,48,2,29,0,221,12,9,17
b7bfc359c25cddc32ae6299ba22fd3d7,1,27,49,2,22,13,580,35,13,43
e6767290d98fdb12c7b5e5d2bf1a0ff0,5,32,69,2,49,6,592,33,14,32
0175b8486a67a505f0dc183f6df7f750,7,29,70,2,29,10,499,24,29,24
6d7827e8dcfa09497954a31e6f7e6ee6,1,7,23,1,17,12,69,27,6,38
c437e319d81d5d919034140f35e0b1bf,1,12,28,2,19,3,109,12,8,37
89bb08cade5ceb10c7469d6cb58a7a18,0,3,14,0,8,7,21,6,3,3
9db159ead8372bba8722c470b5ce2931,0,0,0,0,0,0,0,0,0,0
46f7c7c9dd7ec81c42288879c0e57296,0,0,0,0,0,0,0,0,0,0
7dab8d649fbd8ba5d2e94393ccbdec37,0,0,0,0,0,0,0,0,0,0
8a50ae031ced1e30a6bfd711acb0f4f0,4,30,58,2,60,8,542,60,11,21
e280d57c9ac7778cca93a3796e87c8bb,3,4,6,0,20,3,45,5,10,1
33dd84b767d583dd4e9fadef2c3ef6e0,0,0,0,0,0,0,0,0,0,0
90645bee574aab3c9554ec70c5eaee9f,0,0,4,0,5,0,4,0,0,0
a05161cef918f92840c94002646bacc4,0,1,3,0,19,0,3,4,5,2
f1556fc8d002c175e3c3b7d3b74c3b84,3,19,27,1,32,2,241,8,7,25
3cd83f5e29d6e5a35273bba0bd9e0038,0,2,4,0,16,0,29,1,0,1
27ba3c6b148f53135a456b657b1a1e27,0,0,0,0,0,0,0,0,0,0
dc50ffbe8022adddd545ea351b2c60d8,1,1,3,0,11,0,1,1,0,1
d96239d170dde59b9a2f34b3b5abab42,0,1,0,0,6,0,0,0,0,0
45116bef5df8cb9edb74975183a323d7,0,0,0,0,0,0,0,0,0,0
59d93bd51baa60dfb2ccdedf4afd5386,0,0,0,0,0,0,0,0,0,0
71cc4dd3eacc5868c57200d68bc45299,0,2,2,0,15,0,32,1,0,2
d846b2e108b9e1d2f1f972270e2e8ba7,0,4,1,0,13,0,1,1,0,0
975ecae69f2a7333ee3d23aa83e9fce4,4,29,121,4,30,21,396,31,26,35
59dc82447950a6482a3276fc047c1c5d,0,8,4,0,9,1,46,2,0,2
81f5be1a13af56cee1e3659dfe0c8d4d,0,0,0,0,0,0,0,0,0,0
f5dc996f6aa097f7a84a9bcfe58ed55c,2,62,180,3,43,33,900,62,64,84
01a28df1e6fae7e6b38bf9be9969a570,0,4,0,0,2,0,2,0,0,0
89e56bf3a0501501bd5890b1d8746609,0,0,0,0,0,0,0,0,0,0
7561f252c59c9151b6d59d0c971b2695,1,1,0,0,10,0,1,0,0,1
2534593bc558274a2f16f2d4fbd231c6,1,1,0,0,3,0,2,0,0,0
01f0ac1fb93f79e21162e7872025d057,0,3,0,0,4,0,0,0,0,0
006dbfe110e8c2888ac9c25493f2587b,0,1,4,0,11,0,10,2,0,0
9e51abd5b085b8bbec0f3f5dcd3c5196,1,10,4,0,11,0,15,2,0,1
ea5a7325e493fdad2b1784a71f910090,0,0,0,0,0,0,1,0,0,0
a4dc6f3f1ef6741b15294de874e1c6e8,2,0,1,0,3,0,0,0,0,0
5c5c5e38702eb76d0944e0a20bb8ec89,1,7,2,0,7,0,19,3,0,2
e242584cbb8c280146638c0859bd57f8,0,0,0,0,0,0,0,0,0,0
d28af0495d5fa3e221a748a53b755a53,0,0,0,0,0,0,0,0,0,0
7bd6a0fb3df0038fd5108d88b9d32fdf,0,2,0,0,6,0,2,0,0,0
6cac613bb84217be081910b067b4aa3c,0,0,0,0,0,0,0,0,0,0
22b8438a053854b897987f0e7c90d353,3,10,20,0,15,4,170,5,5,6
4d19a051f310a1cc2b63fcdc46f08c49,0,0,0,0,0,0,0,0,0,0
fe3a67ac330b78a95f44d1807eb200b4,0,0,0,0,0,0,0,0,0,0
b761f87c8f3929fb6af3a5ad22fbf1f8,5,14,31,1,33,3,169,9,5,15
a763b71d3c9bdde0c503bfa712743925,4,25,31,2,25,7,384,9,8,14
d052be68560d6c2ac53137eebaaca679,2,20,21,1,21,21,338,11,4,17
19c0659722b4ea178e6f079551505d3b,2,26,104,3,18,14,496,11,14,43
e15a64592a004d807ec72bc620c0bd92,1,0,0,0,6,0,1,0,0,0
2a4e1912efbe0fe4120e33eb7341a3e3,4,14,2,0,11,0,26,0,0,1
830c00c1f76a5f49fd8f7debcf186465,2,1,7,1,23,1,8,1,0,1
ca09566d02ab767ee650f315f781c9ca,3,15,28,0,27,0,73,5,0,4
61f6449ce78f84198612bf6de493c707,0,22,65,2,24,5,190,17,11,15
db479e4dd6d011ba262577ceb80fa142,0,10,0,0,3,1,8,0,0,0
c984082bdc0bd175cd05b5f3f6adac35,2,29,152,3,43,8,565,56,43,38
7a75e79a94af5be6ee82574f44bf9d6f,0,12,6,0,6,0,59,1,2,2
1b67c4b50b6bb72a89810e96bc6d4e5d,0,0,0,0,4,0,3,0,0,0
ba81a6556aa3ec322f11cdc34d0aa274,2,6,9,1,31,0,45,3,0,5
013530d34f5d858c8441e62f5099c92f,2,14,50,2,17,1,181,19,5,17
7c528061297ab967558fe0206a8957e6,2,14,7,0,12,0,47,0,1,0
1620718a89975389df54e2bbfdc6edd5,3,20,66,1,33,7,239,15,10,10
a4a5aced53a1375b1f42d02b320e9527,1,6,37,2,18,0,63,6,2,14
c056f5c037884b665ac66e8023b3aa73,1,3,0,0,4,0,5,1,0,0
3ddd22f52449cd37f09d140c7db07f0b,0,3,0,0,3,0,1,0,0,0
6f341e5ce41372bcb72673e2babc6300,3,13,15,0,26,1,139,1,2,3
1953c00f0df67dc2b19265abf685c6bf,2,9,7,1,11,0,100,1,1,3
6331bbc990288bfee22587b8018fccac,1,11,13,0,28,2,17,0,1,0
2615024f469b41b2b855ac3d5dc44568,0,8,0,0,10,0,10,0,0,0
c3f9e8d251f73359fd5edacc9cd372d8,4,16,6,0,28,0,203,1,1,4
12d293a43e93a0c0a4ad79781f3ae424,0,21,0,0,9,0,48,0,0,1
ff2149bfacb4c6d6776a5d672f53a5bc,0,2,1,0,8,0,5,0,0,0
1493ef1fab5b10ac009ff4ecc5462199,1,4,13,0,7,1,27,3,2,5
af1a48fe84d15dcd50089f9a849000ec,0,12,0,0,5,1,44,1,0,1
af08eba5768fad8b2448d7e4345dff06,1,5,23,1,24,11,202,21,70,7
d47d4de54b9e3b900798eb1bc5408ea5,0,4,0,0,6,0,2,0,0,0
2e6644944c943ff624d41f217e0cd392,0,0,0,0,2,0,0,0,0,0
410b81128df4e7763cf8520e0ddba200,0,0,0,0,0,0,0,0,0,0
c1c3f5af4b4ba46f0abe770a3902a868,0,0,0,0,7,0,0,0,0,0
97997fd1fb13758c7ca92451a6245c0b,0,4,1,0,7,0,1,0,0,0
fc7dc2f502e6ac68700cd5fde2423797,0,6,1,0,14,0,7,2,0,3
cd75b3377230aad478a3c05445bda40e,0,0,0,0,0,0,0,0,0,0
564792eddc932be673a815222180426f,0,4,0,0,3,0,3,0,0,0
1fd61388b99e8bfbf7a9b4aecd33b3d0,0,2,0,0,12,0,2,0,0,0
0d6af79485b46d922d3fbd10f979a6dd,0,2,0,0,6,0,3,0,0,0
79f73a34ca7d3108c0005e4b5918d1a3,2,4,2,0,6,0,7,0,0,0
91fcf4ae05f5fa4491c3166f2390697e,0,8,8,1,7,0,97,1,0,1
5e69a2c8a3cbb7e8841b9075ff3fbcd0,0,4,18,1,10,2,31,6,20,5
5f5665d7957f448d7b342b33e46d958e,0,0,0,0,0,0,0,0,0,0
8a099c7a22bd78717613ade41a2e641e,1,11,9,1,7,1,33,2,3,0
90bc36e9485acba8c07dae848d1da577,3,1,1,1,8,0,5,1,0,0
0c9480c048c41e3261d16735148df54e,0,1,0,0,3,0,5,0,0,1
8102cf754b959c7b7b12c37eb19f90b8,4,33,216,3,48,13,600,76,54,84
3bb8f9bcbf742afcb4a3bb79709fa872,5,16,101,3,26,6,397,44,34,32
92e1e8020813ef939183e345626b442a,2,40,324,7,55,42,693,164,174,132
fc7e3c725b2cab95569b7bb7095c4a4a,2,22,274,5,44,23,511,82,121,62
3cdb9ab878fa95e97bb93b2b54de88b3,2,29,130,7,46,44,844,44,52,124
d401d2164b0bca8a0f160439792bbfe5,3,24,255,6,43,19,860,46,29,119
c538ad66d710f99ad0ce951152da36a4,3,63,272,7,49,334,898,189,310,206
0154143bb912d50bec17ffba62a572c7,0,1,1,0,2,0,20,0,0,2
f92dfcc31699ad56d967a57673b8fc65,0,34,285,6,32,82,900,105,196,163
556b1662c246ecc6d548b9050e2c056a,2,5,19,1,14,0,19,5,4,2
2d3f9a1e9dc9bc1347b1c5598f1476ed,0,7,2,0,16,0,12,0,0,2
a8fa80088bef9a00bd897caf3d0046e8,2,6,4,0,10,0,4,1,0,0
3311296dfde408a9c63a1c1830674571,5,16,19,0,25,1,76,10,3,7
5e7bb347110d4a88426a508d5f8a3fc9,1,3,1,0,2,0,5,0,0,0
806e32de099d79d7730ac5b1482ce70a,0,5,0,0,18,0,12,2,0,0
ce3f55c4cb00e2b2cbc9e12caefa51d5,0,8,1,0,7,0,3,0,0,0
cf0cc3a16ea5f65fe93ae1b0a18e5e51,0,4,0,0,9,0,2,0,0,0
09867c0357c25b90cc903a5a6d0b6f90,0,2,1,0,5,0,1,0,0,0
d04de62ef84b90bb80c7d3cc535cd09f,0,1,1,0,8,0,4,0,0,0
081d0106cc5d452eb253dcd8d4955467,1,6,9,0,20,1,26,1,1,1
e02bb8ef854a08cd8e695a0cafca6f60,2,1,2,0,8,0,13,0,0,1
e8681ee68e6e085140074dc4083b929a,0,2,8,0,13,1,4,1,0,1
dc364b567adf6f7d803e0e2a76d11e34,0,7,4,0,15,0,9,1,0,0
561655f39d134aac71cd32a115ecabb0,0,0,0,0,0,0,0,0,0,0
cf8723a0c77c7beef32f250d91839f3b,1,12,38,1,22,0,156,10,5,9
5ae98ea7a9d693d497b565da88554f35,0,1,0,0,6,0,2,0,0,0
4fdf942d0defb2444deb98e715dc8ec8,0,1,17,3,8,0,28,2,1,2
217dd0b75e0995441527878c118fff17,3,11,110,0,34,0,292,39,11,7
469458ebc2e0b9a26b17a3e70e560486,0,0,12,0,4,0,12,0,0,0
0510c03f8f04c8cb6b55ad8290d871ec,0,1,2,0,2,0,1,0,0,0
40827fd7093f20b9c09b39d0e1e52669,0,1,1,0,6,0,0,0,0,0
0624c46bf01634669892c845292ba5c3,1,3,0,0,4,0,1,0,0,0
65e01edd00e62d5a5f0529900f546411,0,1,0,0,5,0,2,0,0,0
f046eaec0c5a7ad3d27e7dcd057ee5bd,0,1,0,0,0,0,0,0,0,0
db6b2179fe267731f402a75f14a0ff09,0,1,0,0,7,0,5,0,0,0
7873794f2c553c7f8d2c9bf12340109e,1,6,3,0,6,0,5,3,0,2
4cb92bb70418780f5c8b3a09bea2106e,0,0,0,0,0,0,0,0,0,0
f671e84bcd5f8d828fcf1e8f79da5550,2,1,0,0,12,0,2,0,0,0
e7778d1834fcae02b89d1371dbead436,2,13,2,0,10,0,15,2,0,2
0f9f9e2df838eba4a56892e1c6518292,1,2,9,0,8,0,10,0,1,0
b3e6ac2ad2916f1b1010dba75355205f,0,0,0,0,0,0,0,0,0,0
27f9a765ba9125eeedc1f22805254e9f,0,0,0,0,0,0,0,0,0,0
a775d6d0bbc4976936b4f5abd9c7ef25,0,0,0,0,0,0,0,0,0,0
8327e6acb51054b0d058fddf7d790947,0,0,0,0,0,0,0,0,0,0
82bf22d74e5c8c2d54fa77fc9db3829f,0,4,1,0,3,0,2,0,0,0
6ec3208e64c662b478721b39eb55c63b,0,3,4,0,13,0,3,0,0,0
bcef6df459b01981adc6c4b88546c364,0,2,0,0,12,0,10,0,0,2
f2844240132c695051b02e301dae43d5,1,4,3,0,7,0,12,1,0,0
f16b3fedade3b62d12cbb6686efdd5dd,0,0,0,0,0,0,0,0,0,0
5cf0070a5c1824a6c1a70db413befbdb,0,5,1,0,4,0,35,0,0,2
6031a56e8aaa3b33a35495bace09cd55,0,8,0,0,7,0,1,0,0,0
08bfb923d36273b514a3164ec1c7aeb9,1,9,1,0,13,0,15,2,0,1
cf7c8a2753b9121a8dc2baab8055d0cf,0,0,0,0,0,0,0,0,0,0
76c646fee7d780ab831ea6950d6f6463,1,1,2,0,2,0,4,0,0,1
724c39844d9071fb16235ec2dacdeda0,1,2,0,0,6,0,1,1,0,1
f203aff5a59aceda60b8c57b56b37770,0,1,1,0,8,0,2,0,0,0
860ea6ca9dcb1ef606645dd65f487b4d,0,0,0,0,0,0,0,0,0,0
98342fe42b02123595042eff222351d0,1,2,1,0,6,0,1,1,0,0
6cef672fb99327f946020f8dd6e9ceca,4,13,52,2,21,1,281,16,3,8
9a767e3680d9eb807b6cf62cf09a1de4,0,0,0,0,0,0,0,0,0,0
8015625a4ebef2a745293531bf87bfc2,0,0,0,0,0,0,0,0,0,0
c241ec5e37d0a2e7484118cf9d85880a,0,0,0,0,0,0,0,0,0,0
bca67e3e00c224a369a144b5938be469,2,4,1,0,10,0,5,1,0,0
0e26ced24d8f216fd4573aa8247e629e,1,1,1,0,8,0,6,0,0,0
59313ec6dff3c7fa3065e7ead67478fb,2,11,13,0,13,0,50,2,0,1
5ac31d108af2cc4c8ec86d6e6007e097,1,3,3,0,5,0,20,0,0,1
0297bdf5b3308e3b548ec759d6e5c5e7,0,1,0,0,8,0,4,0,0,0
e72e1a2e29e955a9216b9d8de2d73327,0,0,0,0,0,0,1,0,0,3
e26af2ca58fe24a9f184d82b43844504,0,0,0,0,0,0,0,0,0,0
152b2c2682fd036055578d5574966f9e,0,1,1,0,6,0,4,0,0,0
600e884a8c674aa3863f5667002e6c67,2,6,6,0,15,0,29,4,0,3
5907ec20c485f8e17e2ba2f17ad0e86b,0,5,0,0,6,0,4,0,1,0
bb8ad30f66008ea9905d53c5514b2804,1,26,39,2,34,3,179,15,12,10
ae93fc0a4697f251efd80eee68add7c3,0,4,0,0,9,0,3,0,0,0
63cce8a1ddc164909772ffd3a45b4c4a,5,19,43,4,47,8,419,29,22,23
9932d3d00a4f9d915ce5cbbbd7a7df01,5,19,22,0,16,1,285,6,12,17
7c6a047dd10ec0eaf1559544800df1b1,3,20,10,0,12,0,221,2,0,12
5141e6ac8a23a8aa84cd1a8ee2b7ee1b,2,9,2,0,18,0,32,3,0,0
c535718e20df0493dc147fffa8d20659,1,9,16,2,20,0,90,4,0,2
f5bb34e3afda8cfbe6b41db9aa07a473,2,6,10,1,17,0,36,5,1,0
dad3f2b3e29d4efd9e81fc4880d07349,1,3,13,0,14,0,11,2,2,2
578920cbc2397ae136ea7fe04ecda1a6,1,11,18,0,53,1,51,9,3,6
8900aaf00f65256bb5f236b808e63ef5,0,0,0,0,0,0,0,0,0,0
a57c029eb9438aad8d3176dc72b9dc07,2,4,2,0,8,0,28,1,0,0
d58c8feca6d623e2604ab331eef601f3,1,3,3,0,9,0,10,4,0,2
bf2833023713536e8e0111eeafce4b59,0,0,0,0,1,0,0,0,0,0
23a0d629070a09a2d485d70a771fe07b,5,12,18,1,31,3,236,4,3,13
19fc025285011b117ed8b23a2519eaea,0,0,0,0,16,0,4,1,0,1
d032a3cfe3bf899c133f9f7593891954,1,0,13,0,5,0,16,0,0,18
7d5425fb96c4d7916b0016ce2230136c,0,13,2,0,11,0,19,2,1,0
7840e35e12a3fc023bc09787b6852abf,0,1,1,0,5,0,30,0,0,10
2730a565c7013094a1687a39647289c4,0,8,0,0,18,0,49,1,0,0
8984c22723b7e8a579fd38e35ab3f355,0,0,0,0,3,0,14,0,0,8
b88fec60c600d64454c41f53ef749a88,0,2,0,0,9,0,3,0,0,2
e87d93892ec74e486b73b4207a847c5f,1,4,1,0,18,0,3,0,0,0
af4ba2118d66ccbecfc8c8f45aa28127,0,0,0,0,19,0,1,0,0,0
0d2a3db02f93920182e1bfc8ace4bae0,0,0,0,0,0,0,0,0,0,0
3a8fecbf9f581fdb8f2e9d944e4bb4ae,3,1,1,0,9,0,2,0,0,0
4e2fa52d38065f7dd95abb11bd12a2e3,0,0,0,0,0,0,0,0,0,0
c4a666dfeda3590d63b1af6c2bc78f0c,0,5,4,1,29,1,81,3,9,9
659a694ed27442fb3079fc40901b0693,0,7,8,0,13,1,33,0,10,3
30b10e681582bfa839bdf5e1815624db,0,0,0,0,0,0,0,0,0,0
ca7432394537456f116c1065e8d8582f,4,27,31,0,34,2,781,7,8,40
c92ec6ab6bfd29d168f25bfa8f98670d,2,6,26,2,20,1,25,3,4,3
e6fe9ef87068ea663760e2977db315f5,3,2,0,0,9,0,6,0,0,1
a5c453fe7c7b5f2bcb764cf17cda2926,0,7,21,1,25,1,35,1,2,6
eb87b64ebc3d48a6725015688d1d6773,1,2,101,0,11,0,62,5,5,5
2fc4753a78ce5e564139e88b1fb9e73b,1,8,13,0,12,2,48,8,7,11
19a3706473ba658ec16e1baa58e2ab7c,1,4,6,0,14,0,6,0,0,0
008a915bd5f83e7d97b3c919694881d5,0,4,3,0,7,0,6,0,0,0
3f71755152683e59d08dbae3e44bacec,1,1,2,0,3,0,2,0,0,0
a2168ad794e90fc84c079a305137ac03,0,0,0,0,1,0,2,0,0,0
7b0f984e96aca5dffd5a41351f2c9f50,1,1,0,0,3,0,0,0,0,0
3f649a1987c84a7be5d12055ea6b14e8,0,0,1,0,8,0,2,0,0,0
1686ae3b02a6c9048e369e39f35f07e1,0,1,3,0,7,0,4,2,0,0
3d87306c9257f92010d4182efa1312c4,5,14,42,1,22,4,178,7,7,26
207b7f2962727cf9fe887a0947878f8b,2,2,1,0,10,0,20,0,3,1
e60c1343230520e00a5d40d160d4b824,4,1,4,1,14,0,16,2,1,1
1bcf0820a3ea7a70dcc3d6000bcabe43,0,1,0,0,5,0,2,0,0,0
371d12775313fb9a1a46d548726790f0,0,6,19,1,13,0,29,4,0,0
afd36fc5f95bf6084745e88e7eaf6c81,3,10,6,2,16,0,14,3,0,1
8fb3452dcb9970dacbadbf3335e6ec2f,1,3,11,1,13,0,24,1,1,0
bf9d93cc5fa9aabac13ffa5a2c3f41c6,1,1,0,0,2,0,5,0,0,1
ec126fe5fdfc1bd675717008504d3974,4,3,13,1,17,0,15,1,1,4
8e1cc451c96474ccd48f5d818b7674f8,1,9,11,0,9,1,232,8,6,11
119fee72ae02feafdc2f8aa6fd52d899,0,1,0,0,5,0,13,0,0,0
9e11b5bc5628e299b764e3094d4b1e2e,0,0,0,0,0,0,0,0,0,0
d52ef4ffdd61b7364a43adeb64e4db22,4,1,7,2,14,0,11,0,1,2
96f93e878534482ba6832c01f6bb8af4,0,0,0,0,0,0,0,0,0,0
e96bf0d321536246674128eccc9fb15f,0,0,0,0,0,0,0,0,0,0
014397f128898e022e3b84c32e4f758a,0,0,0,0,0,0,0,0,0,0
e609b2b602c63f6522e8c7fbb99b2662,0,0,0,0,0,0,0,0,0,0
3386b1a9485c87810c6f4227a56f081b,1,9,28,0,18,1,90,12,3,11
60801bff4c3186e4fd922961eaa3c3f9,2,1,3,0,10,0,4,3,0,1
4bc4cf2beea25997183ce96c9a7fd15d,0,0,12,0,11,1,21,3,0,0
f922ace848b4a6a96c1be6a317140b5d,0,1,1,0,3,0,0,0,0,0
4e1ee5f1e1bd0c82e6eeebd3aeb796bd,1,4,10,0,9,0,35,7,0,2
e0bdc3695e6ebbe062114177266e222f,0,0,0,0,0,0,0,0,0,0
dcbbc444c67a31a77cfcc679bd6d64b7,0,0,0,0,0,0,0,0,0,0
66080713836d14fada9c91ddca1acb01,0,0,0,0,0,0,0,0,0,0
75e1a510267ed3ad4dd76ba59be45859,0,0,1,0,1,0,0,0,0,0
224ecb1914ec0af488d37fa63680c33d,0,0,0,0,0,0,0,0,0,0
c715e01505df6740774200de82171c32,0,0,0,0,0,0,0,0,0,0
a7c611058891c587f62a097d1f8ad279,0,0,0,0,0,0,0,0,0,0
c2fede6be12a5937293ec2f5fb94959e,0,0,0,0,0,0,0,0,0,0
b30d992178986e1ee6d96bb72420706c,0,1,0,0,3,0,1,0,0,0
19dad29f97c2cb88b7758c39445a8547,0,0,0,0,0,0,0,0,0,0
c4042ecf8b705750bd20f7d935e1d172,0,5,2,0,8,0,1,0,0,0
3261d1515967fa2cfadd90de6268b0eb,0,0,0,0,0,0,0,0,0,0
03780e689a8b888b63d1107eb2d4702d,1,2,2,0,3,0,6,0,0,0
9881c7127277e92a19ce25727d05b171,0,0,0,0,0,0,0,0,0,0
40ad717d0d11c6fe1cd14d93d85f7544,0,5,0,0,13,0,4,0,0,0
1407e4f901b7fc7c84ea0faaa07f0d76,1,12,0,0,27,0,24,1,0,0
18949e9998cdd407a8f416ec94e6bb71,0,0,0,0,0,0,0,0,0,0
65699ab280426c86c896bb7984097531,0,0,0,0,0,0,0,0,0,0
7cc90834e0671e62c407bdd7d1965490,0,1,0,0,0,0,1,0,0,0
8487e3fcafe8178834c04629aa52152d,0,0,0,0,0,0,0,0,0,0
450d8777e40c47fe9b7fd77f2645380f,0,0,0,0,2,0,3,0,0,1
351714168eb998d3b2e327686db0ee85,0,0,0,0,0,0,0,0,0,0
1bbd301f814309dbfc62c8b073b4b040,0,0,0,0,0,0,0,0,0,0
5d2d58870a07f18066fac15197ef0192,0,2,0,0,3,0,0,0,0,0
a84f071b552c98450442286555da6f8c,0,0,0,0,0,0,0,0,0,0
b6053117c9d7d7dbdb2822810b820d9f,0,0,0,0,0,0,0,0,0,0
6a69b2980ac35ba3607de653a605a023,0,0,0,0,0,0,0,0,0,0
80de4c080667541fc8d644a1cef6304e,0,0,0,0,0,0,0,0,0,0
df5604b3aebff065d9eb3d7c7ca6e21b,0,0,0,0,1,0,6,0,0,2
b8ee595111130215336dd1461f1d438c,2,9,6,0,17,1,138,4,1,0
3bf03ea5247837d30bfc1aa63b01b02c,0,8,9,0,15,1,27,3,1,3
a0928cdc6778278f4c52572c48da6da1,0,0,0,0,2,0,1,0,0,0
b4d78dd5f36747fcf609c9ea5e855579,2,4,6,0,9,3,22,4,3,8
01c0946e036aed8e65c4bc53940cb82a,4,17,13,0,49,2,178,6,0,10
4c1338a87d21375aef52cd32bd5a4924,1,7,4,0,18,0,22,3,1,6
df16b8a3540e880eb52893b621a5409f,1,2,0,0,16,0,3,0,0,0
35d57b9b24cd7d34b16e376cb1858088,0,0,0,0,0,0,0,0,0,0
6c361c81a3a3ba487adc4f99f72f861b,1,3,0,0,11,0,2,2,0,0
f052e341f2a0b3085368850a57966b47,0,0,0,0,0,0,0,0,0,0
5f5dcfd4c25b60aa71529fcfc25020c8,0,0,1,0,2,0,0,0,0,0
e2162324c0246288dc00ee8ef1ca1110,0,0,0,0,0,0,0,0,0,0
ba9df8e06421cbbd89ea9f7094c9931f,3,5,0,0,15,0,16,1,0,0
945b0b47e96b45091c96a91b6ef6a770,0,0,0,0,0,0,0,0,0,0
d50aee0c215e13dcd8844bdf31e9db9e,0,0,1,0,12,0,1,0,0,0
ecb9739131793c10f0e49b5f34e9d8cd,0,3,2,1,8,0,1,0,1,1
ac76b7a1f6331b27d09b581df9568da1,0,0,0,0,6,0,1,1,0,0
82bbd4c2979fae9c261177d72b6d93a1,0,3,0,0,7,0,3,1,0,0
861320b30930e10502c09c68bf418263,1,1,0,0,7,0,0,0,0,0
0ee3ed47a44d6cda33bed1de86432b87,0,0,2,0,1,0,1,0,0,0
b214c0489c17dff3cfc19f6485996d42,0,0,0,0,0,0,0,0,0,0
6ea98a808c7505981b51558585d8634a,0,0,0,0,12,0,0,1,0,0
587d854bdb6b16557c7e52c540893560,1,4,5,0,5,0,61,3,0,2
c8ed972d5acea042606ea20858d6fae1,2,11,31,1,33,2,92,7,11,6
e23d5212381d913e0abd261197fa1e2a,1,0,1,0,7,0,5,1,0,0
6ad308e8b606b139d373b97f91802183,1,8,25,1,13,3,45,7,23,4
e6e107a59b8f1a30c7394afaaee6bc51,1,2,3,0,4,1,16,1,0,1
ccb1f42014fef6a9100950b979563086,3,6,4,1,14,0,20,1,0,2
39ac7673f51a83d297218243d36be1f5,0,0,1,0,0,0,1,0,0,1
b001b32acdbcae8451f5b21db76c084d,1,17,40,2,29,2,70,13,1,9
e0e4eccff8ac7dfc4b98dc636d4ef2f4,5,21,79,3,45,4,552,19,54,19
ba1337ef3b6bfbf306d855475a4e30dc,0,0,0,0,0,0,0,0,0,0
74e3e461b9e651ff99ff4c5f5af38968,0,1,6,0,18,2,78,3,5,5
9ac79decc3fe57c39637fc754cb395bc,0,0,0,0,0,0,0,0,0,0
d8ec4d00b35114647802f96a5d5da22a,2,33,23,2,27,2,496,7,6,8
39e98344591a41702a6b0ede1ae7dedf,2,6,3,0,14,1,55,3,1,5
fb33abe23c4d1cb30f1772563cf9f42f,0,31,28,1,17,4,428,4,2,10
b7497f20487594982297ee7570198e2f,6,86,206,5,105,21,897,70,46,72
74c7d53434b5c149763952eb14e2636b,1,31,42,0,22,5,567,12,10,22
05c9d046d730569679926db7e6eb06c8,0,0,0,0,0,0,0,0,0,0
e8075aa7f0fc96871cc204bea0696b43,1,38,51,4,25,7,558,21,6,36
f87a4f873f392cb97dc1fe18f862a232,1,19,16,0,15,1,246,2,2,3
4cbebf56ed3144ca4171a362914c1f71,7,27,45,2,53,8,278,25,12,42
02fa9f7cd1d2c5dfdb32ed9c2aec23d9,1,11,30,0,24,11,190,10,10,10
f841c6a1468682b782fc80aaf4b833d9,2,2,3,1,25,23,50,19,1,36
ca902ab284d4bb9e8c2a0bb58d55cf7b,0,0,0,0,7,0,0,0,0,0
5cb3ac8d4c144096707ad77d131faea0,0,0,0,0,10,0,2,1,0,0
