date,text,code,temperature,feels_like,pressure,humidity,visibility,wind_direction,wind_direction_degree,wind_speed,wind_scale
2017-7-1 0:30,晴,1,29,28,998,62,9.3,南,200,9,2
2017-7-1 1:00,晴,1,28,28,998,63,7.7,西南,233,7.92,2
2017-7-1 1:30,晴,1,28,28,998,65,7.7,南,197,7.2,2
2017-7-1 2:00,晴,1,28,27,998,66,7.7,西南,233,9,2
2017-7-1 2:30,晴,1,28,27,998,67,6.6,南,180,7.2,2
2017-7-1 3:00,晴,1,28,27,998,67,6.6,南,197,10.08,2
2017-7-1 3:30,晴,1,28,27,998,67,6.6,南,188,7.2,2
2017-7-1 4:00,晴,1,27,27,998,67,6,西南,239,9,2
2017-7-1 4:30,晴,1,27,27,998,67,6,西南,239,9,2
2017-7-1 5:00,晴,1,27,26,998,72,5.5,南,180,5.76,2
2017-7-1 5:30,晴,0,27,26,998,70,4.3,南,194,6.84,2
2017-7-1 6:30,晴,0,26,26,999,71,3.8,南,160,5.4,1
2017-7-1 7:00,晴,0,26,26,999,72,3.8,东南,149,3.96,1
2017-7-1 7:30,晴,0,27,26,999,70,3.8,西南,205,5.04,1
2017-7-1 8:00,晴,0,27,27,999,69,3.8,南,163,10.08,2
2017-7-1 8:30,多云,4,27,27,999,70,3.3,西南,217,5.76,2
2017-7-1 9:00,多云,4,28,27,999,67,3.3,西南,236,3.96,1
2017-7-1 9:30,多云,4,29,28,999,67,3.2,西,270,3.24,1
2017-7-1 10:00,多云,4,29,29,999,63,3.2,西北,312,4.68,1
2017-7-1 10:30,多云,4,30,29,999,64,3.3,东,93,7.92,2
2017-7-1 11:00,多云,4,30,29,999,64,3.3,东,82,7.2,2
2017-7-1 11:30,多云,4,30,29,999,63,2.6,东南,121,6.84,2
2017-7-1 12:00,多云,4,32,31,998,57,2.6,东北,62,10.8,2
2017-7-1 12:30,多云,4,32,31,998,56,3,东南,141,7.56,2
2017-7-1 13:00,多云,4,33,32,998,53,3,南,197,8.28,2
2017-7-1 13:30,多云,4,33,33,998,50,3.3,南,200,10.08,2
2017-7-1 14:00,多云,4,34,33,997,53,3.3,南,197,15.12,3
2017-7-1 14:30,多云,4,34,34,997,50,4.6,西南,205,12.96,3
2017-7-1 15:00,多云,4,35,34,997,48,4.6,西南,211,12.96,3
2017-7-1 15:30,多云,4,35,35,996,47,5.4,西南,214,12.6,3
2017-7-1 16:00,多云,4,35,34,996,43,5.4,西南,211,18.72,3
2017-7-1 16:30,多云,4,36,35,996,40,6.6,西南,217,16.2,3
2017-7-1 17:00,多云,4,36,35,996,39,6.6,南,191,14.76,3
2017-7-1 17:30,多云,4,36,35,996,39,8.3,南,197,14.4,3
2017-7-1 18:00,多云,4,35,34,996,39,8.3,西南,211,12.96,3
2017-7-1 18:30,晴,0,35,34,996,39,9.4,西南,217,11.52,2
2017-7-1 19:00,晴,0,35,34,996,40,9.4,西南,203,7.56,2
2017-7-1 19:30,晴,0,34,34,996,41,10.2,南,169,13.32,3
2017-7-1 20:00,多云,4,34,33,996,44,10.2,南,174,7.56,2
2017-7-1 20:30,晴,1,33,33,996,46,8.3,南,174,6.48,2
2017-7-1 21:00,晴,1,33,32,997,49,8.3,东南,124,4.32,1
2017-7-1 21:30,晴,1,33,32,997,50,7.5,南,169,19.8,4
2017-7-1 22:00,晴,1,32,31,997,55,7.5,南,174,13.68,3
2017-7-1 22:30,晴,1,31,31,998,56,4.7,南,158,18,3
2017-7-1 23:00,晴,1,31,30,998,57,4.7,东南,132,16.2,3
2017-7-1 23:30,晴,1,30,29,997,60,4,东南,143,17.28,3
2017-7-2 0:00,晴,1,29,29,997,63,4,西南,222,6.12,2
2017-7-2 0:30,晴,1,29,29,997,63,4,南,158,11.88,2
2017-7-2 1:00,晴,1,29,28,998,66,2.8,南,160,3.96,1
2017-7-2 1:30,晴,1,29,28,997,66,2.6,东南,143,5.76,2
2017-7-2 2:00,晴,1,28,28,997,67,2.6,东,93,5.76,2
2017-7-2 2:30,晴,1,28,28,997,67,2.5,东,110,7.56,2
2017-7-2 3:00,晴,1,28,27,997,67,2.5,东南,121,6.12,2
2017-7-2 3:30,晴,1,27,27,998,68,2.6,东南,115,6.48,2
2017-7-2 4:00,晴,1,27,27,998,67,2.6,东南,124,7.92,2
2017-7-2 4:30,晴,1,27,26,998,69,2.6,东,70,7.56,2
2017-7-2 5:00,晴,1,26,26,998,72,2.6,东,84,5.4,1
2017-7-2 5:30,晴,0,26,26,998,75,2.2,东,76,8.64,2
2017-7-2 6:00,晴,0,26,26,998,76,2.2,东,73,10.44,2
2017-7-2 6:30,多云,4,26,25,999,76,2,东,76,10.08,2
2017-7-2 7:00,多云,4,26,26,999,74,2,东南,115,12.96,3
2017-7-2 7:30,多云,4,26,26,999,74,2.7,东,93,10.8,2
2017-7-2 8:00,多云,4,27,26,999,74,2.7,东,104,7.92,2
2017-7-2 8:30,多云,4,27,27,999,73,3.4,东,68,4.68,1
2017-7-2 9:00,多云,4,28,27,999,70,3.4,东,73,9,2
2017-7-2 9:30,多云,4,28,27,999,69,3.7,东南,113,5.4,1
2017-7-2 10:00,多云,4,28,28,999,67,3.7,东南,141,4.32,1
2017-7-2 10:30,多云,4,30,29,999,61,3.6,东,96,6.84,2
2017-7-2 11:00,多云,4,31,30,999,56,3.6,东南,138,10.8,2
2017-7-2 11:30,多云,4,31,31,999,55,4.3,东南,152,4.32,1
2017-7-2 12:00,多云,4,32,31,999,56,4.3,东南,115,7.2,2
2017-7-2 12:30,多云,4,32,31,999,58,4.3,东,110,12.6,3
2017-7-2 13:00,多云,4,33,32,998,53,4.3,南,160,6.48,2
2017-7-2 13:30,多云,4,33,32,998,49,4.7,西南,217,3.6,1
2017-7-2 14:00,多云,4,34,33,997,46,4.7,南,197,15.12,3
2017-7-2 14:30,多云,4,34,33,997,45,7.5,西南,219,10.8,2
2017-7-2 15:00,多云,4,34,34,997,43,7.5,南,177,16.2,3
2017-7-2 15:30,多云,4,34,33,997,45,8.5,西南,231,7.92,2
2017-7-2 16:00,多云,4,35,34,997,43,8.5,西南,214,15.12,3
2017-7-2 16:30,多云,4,34,33,997,43,7.9,东南,149,15.84,3
2017-7-2 17:00,多云,4,34,33,997,43,7.9,东南,138,8.64,2
2017-7-2 17:30,多云,4,34,33,997,42,7.9,东,93,12.96,3
2017-7-2 18:00,多云,4,33,32,997,44,9.2,东南,113,12.24,3
2017-7-2 18:30,多云,4,32,31,997,48,18.9,东南,113,9.72,2
2017-7-2 19:00,多云,4,32,31,998,43,18.9,东南,146,18,3
2017-7-2 19:30,多云,4,32,31,998,47,18.3,东南,124,16.2,3
2017-7-2 20:00,多云,4,30,30,998,52,18.3,东,98,10.08,2
2017-7-2 20:30,多云,4,30,29,999,58,17.7,南,183,12.96,3
2017-7-2 21:00,多云,4,29,29,999,63,17.7,东南,146,7.2,2
2017-7-2 21:30,多云,4,29,28,999,64,14.3,东南,115,12.24,3
2017-7-2 22:00,多云,4,28,28,1000,66,14.3,东南,113,5.76,2
2017-7-2 22:30,多云,4,28,27,1000,69,12.4,东,101,7.56,2
2017-7-2 23:00,多云,4,27,27,1000,71,12.4,东,79,9.36,2
2017-7-3 0:00,多云,4,27,26,1000,72,10.9,东南,118,8.64,2
2017-7-3 0:30,多云,4,27,26,1000,73,10.9,东,87,10.8,2
2017-7-3 1:00,多云,4,26,26,1000,75,11.2,东,110,15.84,3
2017-7-3 1:30,多云,4,26,25,1000,77,8.1,东,79,16.2,3
2017-7-3 2:00,多云,4,26,25,1000,78,8.1,东南,129,10.8,2
2017-7-3 2:30,多云,4,26,25,1000,77,6.8,东,79,6.48,2
2017-7-3 3:00,多云,4,26,25,1001,77,6.8,东南,121,6.84,2
2017-7-3 3:30,多云,4,26,25,1001,79,6.5,东,110,7.2,2
2017-7-3 4:00,多云,4,25,25,1001,81,6.5,东南,113,7.56,2
2017-7-3 4:30,多云,4,25,25,1001,81,5.3,东,70,3.6,1
2017-7-3 5:00,多云,4,25,24,1001,83,5.3,东,87,6.48,2
2017-7-3 5:30,多云,4,25,24,1001,85,4,东,82,4.32,1
2017-7-3 6:00,多云,4,25,25,1001,85,4,东,76,6.12,2
2017-7-3 6:30,多云,4,25,25,1001,85,3.6,东,70,7.92,2
2017-7-3 7:00,多云,4,26,25,1001,82,3.6,东南,135,6.48,2
2017-7-3 7:30,多云,4,26,26,1001,81,3.3,南,158,6.84,2
2017-7-3 8:00,多云,4,26,26,1001,79,3.3,南,183,5.4,1
2017-7-3 8:30,多云,4,27,26,1001,77,3.4,东北,59,5.76,2
2017-7-3 9:00,多云,4,27,26,1001,78,3.4,东,87,6.48,2
2017-7-3 9:30,多云,4,27,27,1001,75,3.6,北,340,3.96,1
2017-7-3 10:00,多云,4,28,27,1001,73,3.6,东北,42,4.68,1
2017-7-3 10:30,多云,4,28,27,1001,72,3.8,东,68,6.48,2
2017-7-3 11:00,多云,4,28,28,1001,69,3.8,东北,62,5.04,1
2017-7-3 11:30,多云,4,29,28,1001,67,3.7,东,96,6.12,2
2017-7-3 12:00,多云,4,29,29,1001,67,3.7,南,183,8.64,2
2017-7-3 12:30,多云,4,30,30,1001,65,4.4,西南,231,5.4,1
2017-7-3 13:00,多云,4,30,30,1000,66,4.4,东南,143,7.56,2
2017-7-3 13:30,多云,4,30,30,1000,60,4.5,东南,124,6.48,2
2017-7-3 14:00,多云,4,31,30,1000,58,4.5,东,98,6.84,2
2017-7-3 14:30,多云,4,31,31,1000,59,5.7,西,248,8.64,2
2017-7-3 15:00,多云,4,31,31,1000,58,5.7,西南,233,10.08,2
2017-7-3 15:30,多云,4,31,31,999,57,5.7,东,110,9.72,2
2017-7-3 16:00,多云,4,31,31,999,57,5.7,东,110,9.72,2
2017-7-3 16:30,多云,4,32,31,999,58,5.6,西南,211,9,2
2017-7-3 17:00,多云,4,32,32,999,57,5.6,东南,146,10.44,2
2017-7-3 17:30,多云,4,32,31,999,57,5.6,西南,233,7.92,2
2017-7-3 18:00,多云,4,32,31,999,56,6.2,南,197,6.84,2
2017-7-3 18:30,多云,4,32,31,999,56,6.2,东南,152,5.4,1
2017-7-3 19:00,阴,9,31,30,999,63,6.3,东南,129,13.32,3
2017-7-3 19:30,阴,9,31,30,999,64,5.4,东,107,11.52,2
2017-7-3 20:00,多云,4,30,30,1000,62,5.4,南,166,13.32,3
2017-7-3 20:30,阴,9,30,29,1000,61,6.2,东南,124,14.4,3
2017-7-3 21:00,阴,9,29,29,1000,59,6.2,东,90,9,2
2017-7-3 21:30,阴,9,29,29,1001,61,12.2,东南,143,7.2,2
2017-7-3 22:00,阴,9,29,28,1001,62,12.2,东南,127,8.28,2
2017-7-3 22:30,阴,9,29,28,1001,65,15.1,东,76,7.92,2
2017-7-3 23:00,阴,9,29,28,1001,66,15.1,东,98,5.4,1
2017-7-3 23:30,阴,9,28,28,1001,65,13.4,东,93,7.92,2
2017-7-4 0:00,阴,9,28,27,1001,66,13.4,东,93,5.76,2
2017-7-4 0:30,阴,9,28,27,1001,67,13.4,东,68,6.84,2
2017-7-4 1:00,阴,9,27,27,1001,59,14,东,93,9.36,2
2017-7-4 1:30,阴,9,27,26,1001,59,21,东南,124,9.72,2
2017-7-4 2:00,阴,9,27,26,1001,64,21,东南,115,7.56,2
2017-7-4 2:30,小雨,13,26,26,1001,70,12.1,西南,236,5.4,1
2017-7-4 3:00,小雨,13,23,23,1001,81,12.1,东,76,3.96,1
2017-7-4 3:30,小雨,13,23,23,1001,84,6,东北,65,5.04,1
2017-7-4 4:00,阴,9,23,23,1001,83,6,东,73,6.12,2
2017-7-4 4:30,阴,9,23,23,1001,83,6,东,73,6.12,2
2017-7-4 5:00,阴,9,24,24,1002,79,5.3,东北,56,7.2,2
2017-7-4 5:30,雷阵雨,11,24,24,1003,82,7.3,西北,326,10.08,2
2017-7-4 6:30,阴,9,23,22,1003,91,3.2,北,0,5.76,2
2017-7-4 7:00,阴,9,23,22,1003,92,3.2,东北,48,5.76,2
2017-7-4 7:30,阴,9,23,23,1002,93,2.7,东,73,7.56,2
2017-7-4 8:30,雷阵雨,11,23,22,1004,94,1.2,东北,65,10.08,2
2017-7-4 9:00,雷阵雨,11,22,22,1003,95,1.2,东,70,8.64,2
2017-7-4 9:30,雷阵雨,11,23,22,1003,95,1.2,东,70,12.96,3
2017-7-4 10:00,雷阵雨,11,23,23,1003,95,3.2,西北,304,9.72,2
2017-7-4 10:30,雷阵雨,11,23,23,1003,94,2,北,346,2.52,1
2017-7-4 11:00,雷阵雨,11,24,23,1003,94,2,北,349,4.32,1
2017-7-4 11:30,多云,4,24,24,1003,91,2.7,东北,65,6.12,2
2017-7-4 12:00,阴,9,24,24,1003,90,2.7,东南,121,2.52,1
2017-7-4 12:30,多云,4,25,25,1003,88,3.5,东,82,6.84,2
2017-7-4 13:00,多云,4,26,26,1003,80,3.5,东南,129,6.84,2
2017-7-4 13:30,雷阵雨,11,27,26,1003,75,4.4,西南,225,3.24,1
2017-7-4 14:00,雷阵雨,11,27,27,1003,75,4.4,东南,143,8.64,2
2017-7-4 14:30,多云,4,27,27,1002,77,4.2,东,96,10.44,2
2017-7-4 15:00,多云,4,28,27,1002,70,4.2,东,98,7.92,2
2017-7-4 15:30,多云,4,28,28,1002,66,5.4,西南,242,3.6,1
2017-7-4 16:00,多云,4,28,28,1002,66,5.4,东南,121,7.2,2
2017-7-4 16:30,多云,4,28,28,1002,69,9.5,东,107,5.4,1
2017-7-4 17:00,多云,4,28,28,1001,69,9.5,南,158,4.68,1
2017-7-4 17:30,阴,9,28,28,1001,67,6.9,西南,205,4.32,1
2017-7-4 18:00,阴,9,28,28,1001,69,6.9,西南,205,4.32,1
2017-7-4 18:30,阴,9,28,28,1002,71,5.8,西南,245,5.04,1
2017-7-4 19:00,阴,9,28,28,1002,71,5.8,西南,245,1.8,1
2017-7-4 19:30,阴,9,28,27,1002,72,5.7,西南,219,2.88,1
2017-7-4 20:00,阴,9,28,27,1002,74,5.7,北,17,3.96,1
2017-7-4 20:30,阴,9,27,27,1003,78,5.1,北,999017,0,0
2017-7-4 21:00,阴,9,27,27,1002,77,5.1,东,90,5.04,1
2017-7-4 21:30,阴,9,27,26,1003,82,4.2,西南,231,3.24,1
2017-7-4 22:00,阴,9,26,26,1003,82,4.2,北,999017,0,0
2017-7-4 22:30,阴,9,26,26,1003,83,3.8,西北,323,1.44,1
2017-7-4 23:00,阴,9,26,26,1003,82,3.8,东北,51,2.16,1
2017-7-4 23:30,多云,4,26,26,1003,83,3.5,东北,48,3.96,1
2017-7-5 0:00,多云,4,26,26,1003,83,3.5,东,107,2.88,1
2017-7-5 0:30,多云,4,26,26,1003,83,3.4,东,101,3.6,1
2017-7-5 1:00,多云,4,26,26,1003,86,3.4,东北,65,2.52,1
2017-7-5 1:30,多云,4,26,26,1003,84,2.9,东,98,5.4,1
2017-7-5 2:00,多云,4,26,26,1003,79,2.9,东南,118,8.64,2
2017-7-5 2:30,多云,4,26,26,1003,80,3.1,东,73,5.4,1
2017-7-5 3:00,多云,4,26,25,1003,82,3.1,东南,127,4.32,1
2017-7-5 3:30,多云,4,25,25,1003,86,3.5,北,14,3.6,1
2017-7-5 4:00,多云,4,25,24,1003,87,3.5,东,68,4.32,1
2017-7-5 4:30,多云,4,25,24,1003,89,2.8,东北,65,3.6,1
2017-7-5 5:00,多云,4,25,24,1003,89,2.8,东,68,5.76,2
2017-7-5 5:30,多云,4,25,24,1003,88,2.6,东,68,7.2,2
2017-7-5 6:30,多云,4,25,25,1004,84,3.1,东南,118,7.92,2
2017-7-5 7:00,多云,4,25,25,1004,84,3.1,东,98,6.48,2
2017-7-5 7:30,多云,4,26,26,1005,83,2.8,南,174,3.6,1
2017-7-5 8:00,晴,0,27,27,1005,81,2.8,东南,155,5.04,1
2017-7-5 8:30,多云,4,27,27,1005,80,2.7,南,200,8.64,2
2017-7-5 9:00,多云,4,27,27,1005,81,2.7,西南,214,11.16,2
2017-7-5 9:30,多云,4,28,27,1005,75,2.3,南,188,4.68,1
2017-7-5 10:00,多云,4,29,28,1005,72,2.3,东南,146,4.68,1
2017-7-5 10:30,多云,4,29,28,1005,70,2.6,南,180,9.72,2
2017-7-5 11:00,多云,4,29,29,1005,69,2.6,南,180,8.28,2
2017-7-5 11:30,多云,4,30,29,1004,67,2.8,东南,124,6.84,2
2017-7-5 12:00,多云,4,30,29,1004,67,2.8,南,200,3.6,1
2017-7-5 12:30,多云,4,30,30,1004,68,2.4,东南,143,19.8,4
2017-7-5 13:00,多云,4,31,30,1004,64,2.4,南,194,13.32,3
2017-7-5 13:30,多云,4,30,30,1004,67,2.7,南,191,17.28,3
2017-7-5 14:00,多云,4,31,31,1003,64,2.7,西南,205,9.36,2
2017-7-5 14:30,多云,4,31,31,1003,66,2.9,西南,205,13.32,3
2017-7-5 15:00,多云,4,31,31,1003,63,2.9,西南,211,17.28,3
2017-7-5 15:30,多云,4,31,31,1002,63,4,南,158,9.36,2
2017-7-5 16:00,多云,4,32,31,1002,60,4,西南,211,11.88,2
2017-7-5 16:30,多云,4,32,31,1002,60,5.2,南,183,11.16,2
2017-7-5 17:00,多云,4,32,31,1001,62,5.2,南,191,7.92,2
2017-7-5 17:30,多云,4,32,31,1001,58,6.5,南,188,13.68,3
2017-7-5 18:00,多云,4,32,31,1001,58,6.5,南,191,7.2,2
2017-7-5 18:30,阴,9,32,31,1002,59,8.2,东南,143,5.76,2
2017-7-5 19:00,阴,9,31,31,1002,66,8.2,东南,121,14.4,3
2017-7-5 19:30,阴,9,31,30,1002,69,5.1,东南,138,10.08,2
2017-7-5 20:00,阴,9,30,30,1003,70,5.1,东,110,15.12,3
2017-7-5 20:30,阴,9,29,29,1003,69,5.1,南,174,8.64,2
2017-7-5 21:00,阴,9,29,29,1003,67,5.1,东南,135,10.44,2
2017-7-5 21:30,阴,9,29,28,1003,67,7.3,东,98,11.88,2
2017-7-5 22:00,阴,9,28,28,1003,65,7.3,东南,143,12.24,3
2017-7-5 22:30,阴,9,28,27,1003,66,12.6,东南,124,12.6,3
2017-7-5 23:00,阴,9,28,27,1003,67,12.6,南,158,7.2,2
2017-7-5 23:30,多云,4,27,27,1003,69,9.2,东南,155,7.56,2
2017-7-6 0:00,多云,4,27,27,1003,69,9.2,西,278,2.88,1
2017-7-6 0:30,多云,4,27,27,1003,69,9.2,西,278,2.88,1
2017-7-6 1:00,多云,4,27,27,1002,71,8.4,东北,59,3.24,1
2017-7-6 1:30,多云,4,27,26,1002,73,7,北,14,2.52,1
2017-7-6 2:00,多云,4,27,26,1002,74,7,东北,62,3.96,1
2017-7-6 2:30,多云,4,26,26,1002,75,7,东,79,7.92,2
2017-7-6 3:00,多云,4,26,26,1002,75,7,东,79,7.92,2
2017-7-6 3:30,多云,4,26,26,1002,75,4.6,东,87,9.72,2
2017-7-6 4:00,多云,4,26,26,1002,78,4.6,东,82,11.16,2
2017-7-6 4:30,雷阵雨,11,25,24,1002,86,3.4,东,96,6.84,2
2017-7-6 5:00,雷阵雨,11,25,24,1002,86,3.4,东,96,6.84,2
2017-7-6 5:30,多云,4,25,25,1002,85,2.3,东,70,7.2,2
2017-7-6 6:30,多云,4,25,25,1002,87,2.3,东,70,8.64,2
2017-7-6 7:00,阴,9,25,25,1002,88,2,东南,115,16.92,3
2017-7-6 7:30,阴,9,25,25,1002,88,1.3,东,79,10.08,2
2017-7-6 8:30,小雨,13,25,24,1002,90,0.8,东,93,6.48,2
2017-7-6 9:00,小雨,13,25,24,1002,90,0.8,东,101,7.92,2
2017-7-6 9:30,阴,9,25,25,1001,85,0.8,东,93,19.44,3
2017-7-6 10:00,阴,9,26,26,1001,83,0.8,东,73,16.2,3
2017-7-6 10:30,多云,4,26,26,1001,81,1.7,东,70,14.76,3
2017-7-6 11:00,多云,4,26,26,1001,80,1.7,东南,132,22.32,4
2017-7-6 11:30,小雨,13,26,26,1001,83,2.2,东,73,22.68,4
2017-7-6 12:00,小雨,13,25,25,1000,90,2.2,东,101,10.44,2
2017-7-6 12:30,多云,4,25,25,1000,91,1.2,东,101,3.24,1
2017-7-6 13:00,小雨,13,25,25,1000,91,1.2,北,349,2.16,1
2017-7-6 13:30,小雨,13,25,24,1000,89,0.7,南,169,23.76,4
2017-7-6 14:00,小雨,13,24,23,1000,95,0.7,南,200,13.68,3
2017-7-6 14:30,中雨,14,24,23,1000,95,3.9,南,200,10.44,2
2017-7-6 15:00,中雨,14,24,23,999,94,3.9,南,180,8.28,2
2017-7-6 15:30,中雨,14,24,23,999,94,8.6,东,98,3.96,1
2017-7-6 16:00,中雨,14,24,23,999,94,8.6,东,73,9,2
2017-7-6 16:30,中雨,14,24,23,999,94,1.2,东,82,6.48,2
2017-7-6 17:00,中雨,14,24,23,998,95,1.2,东北,53,9,2
2017-7-6 17:30,大雨,15,24,23,998,95,2.6,东,79,10.08,2
2017-7-6 18:00,大雨,15,24,23,998,95,2.6,东,68,9.36,2
2017-7-6 18:30,大雨,15,24,23,998,94,3,东北,53,12.6,3
2017-7-6 19:00,中雨,14,24,23,998,94,3,东北,39,7.92,2
2017-7-6 19:30,中雨,14,24,23,998,95,2.5,东,79,6.84,2
2017-7-6 20:00,小雨,13,23,23,998,95,2.5,东,68,8.28,2
2017-7-6 20:30,中雨,14,23,23,998,95,1.3,西北,318,2.88,1
2017-7-6 21:00,中雨,14,23,22,998,94,1.3,东,70,19.44,3
2017-7-6 21:30,中雨,14,23,22,998,93,1.9,东,93,15.48,3
2017-7-6 22:00,多云,4,23,22,998,94,1.9,东,70,12.6,3
2017-7-6 22:30,多云,4,22,22,997,93,1.7,北,17,11.88,2
2017-7-6 23:00,多云,4,22,21,997,93,1.7,东北,45,9.36,2
2017-7-6 23:30,多云,4,22,21,997,92,2.3,北,20,9.36,2
2017-7-7 0:00,多云,4,22,21,996,92,2.3,北,11,7.92,2
2017-7-7 0:30,多云,4,22,21,997,92,2.3,东北,23,6.12,2
2017-7-7 1:00,多云,4,22,22,996,91,3.2,北,8,10.08,2
2017-7-7 1:30,多云,4,22,22,996,90,3.1,北,17,15.48,3
2017-7-7 2:00,多云,4,22,21,996,89,3.1,北,17,6.12,2
2017-7-7 2:30,多云,4,22,22,995,88,4.5,北,8,11.16,2
2017-7-7 3:00,多云,4,22,22,995,87,4.5,东北,39,4.32,1
2017-7-7 3:30,多云,4,22,22,995,87,5.4,北,11,5.76,2
2017-7-7 4:00,多云,4,22,21,994,89,5.4,北,17,3.96,1
2017-7-7 4:30,多云,4,22,21,995,89,4.5,东北,31,2.88,1
2017-7-7 5:00,多云,4,21,21,994,92,4.5,东北,65,1.8,1
2017-7-7 5:30,晴,0,21,20,994,93,3.3,西,290,3.96,1
2017-7-7 6:30,多云,4,23,22,994,89,2,西南,245,7.2,2
2017-7-7 7:00,多云,4,23,23,994,84,2,西北,301,10.08,2
2017-7-7 7:30,多云,4,24,23,995,84,6.5,西北,304,6.12,2
2017-7-7 8:00,晴,0,25,25,995,80,6.5,西,267,10.08,2
2017-7-7 8:30,晴,0,26,25,995,80,11.2,西,270,9.36,2
2017-7-7 9:00,晴,0,26,26,994,77,11.2,西,253,10.08,2
2017-7-7 9:30,晴,0,27,26,994,77,14.1,西南,211,12.6,3
2017-7-7 10:00,晴,0,27,26,994,74,14.1,西,250,18,3
2017-7-7 10:30,晴,0,27,27,994,73,14.2,西,253,12.6,3
2017-7-7 11:00,晴,0,29,28,994,72,14.2,西,250,18.72,3
2017-7-7 11:30,晴,0,29,29,994,70,13.9,西南,219,13.32,3
2017-7-7 12:00,晴,0,30,29,993,66,13.9,南,180,17.28,3
2017-7-7 12:30,晴,0,30,30,993,64,12.3,西南,205,19.8,4
2017-7-7 13:00,晴,0,31,30,993,64,12.3,西南,245,16.92,3
2017-7-7 13:30,晴,0,31,31,993,60,15.8,西南,219,20.16,4
2017-7-7 14:00,晴,0,31,31,993,64,15.8,西南,239,21.6,4
2017-7-7 14:30,晴,0,32,31,992,58,19.9,西,248,23.04,4
2017-7-7 15:00,晴,0,32,31,993,59,19.9,西南,236,25.2,4
2017-7-7 15:30,晴,0,33,32,992,52,13.6,西南,214,25.56,4
2017-7-7 16:00,晴,0,33,32,992,54,13.6,南,200,25.2,4
2017-7-7 16:30,晴,0,33,33,992,52,10.5,南,191,21.96,4
2017-7-7 17:00,晴,0,33,33,991,51,10.5,西南,205,21.24,4
2017-7-7 17:30,晴,0,33,33,991,55,8.3,南,188,20.88,4
2017-7-7 18:00,晴,0,33,32,991,56,8.3,南,172,15.12,3
2017-7-7 18:30,晴,0,32,32,991,60,6.4,南,169,12.96,3
2017-7-7 19:00,晴,0,32,32,991,55,6.4,南,169,8.64,2
2017-7-7 19:30,晴,0,32,31,991,56,6.5,南,177,15.84,3
2017-7-7 20:00,晴,1,31,31,991,57,6.5,西南,214,15.84,3
2017-7-7 20:30,晴,1,31,31,991,58,7.4,南,169,13.32,3
2017-7-7 21:00,晴,1,31,30,991,61,7.4,东南,141,11.16,2
2017-7-7 21:30,晴,1,31,30,993,63,6.1,西北,315,9.72,2
2017-7-7 22:00,晴,1,30,29,994,37,6.1,北,0,16.56,3
2017-7-7 22:30,晴,1,30,28,994,38,10.5,东,76,6.12,2
2017-7-7 23:00,晴,1,29,27,993,45,10.5,东,98,12.96,3
2017-7-7 23:30,晴,1,26,25,997,57,24,北,340,35.64,5
2017-7-8 0:00,小雨,13,22,21,994,79,24,东北,34,19.08,3
2017-7-8 0:30,晴,1,22,21,995,82,8.6,南,177,16.2,3
2017-7-8 1:00,晴,1,22,21,993,87,8.6,东北,62,6.12,2
2017-7-8 1:30,晴,1,22,21,994,86,23.5,西南,205,3.24,1
2017-7-8 2:00,晴,1,22,21,993,87,23.5,东北,25,8.28,2
2017-7-8 2:30,晴,1,22,21,994,89,16.7,西南,214,5.4,1
2017-7-8 3:00,晴,1,21,21,994,85,16.7,东南,118,6.48,2
2017-7-8 3:30,晴,1,22,21,994,82,26.3,东,68,11.88,2
2017-7-8 4:00,晴,1,21,21,994,85,26.3,东北,45,3.96,1
2017-7-8 4:30,晴,1,21,20,994,87,20.9,东北,39,7.56,2
2017-7-8 5:00,晴,1,21,20,995,86,20.9,东北,28,7.56,2
2017-7-8 5:30,晴,0,21,20,995,88,16.5,北,3,5.4,1
2017-7-8 6:00,晴,0,21,21,996,86,16.5,东北,48,6.48,2
2017-7-8 6:30,晴,0,22,21,995,83,14.2,东北,53,6.84,2
2017-7-8 7:30,晴,0,23,22,995,79,14.4,东,68,13.32,3
2017-7-8 8:00,晴,0,23,23,995,75,14.4,东,68,12.24,3
2017-7-8 8:30,晴,0,24,23,995,74,14.4,东,68,11.88,2
2017-7-8 9:00,晴,0,24,23,995,74,14.4,东,68,11.88,2
2017-7-8 9:30,晴,0,24,23,995,74,14.4,东,68,11.88,2
2017-7-8 10:00,晴,0,24,23,995,74,14.4,东,68,11.88,2
2017-7-8 10:30,晴,0,24,23,995,74,14.4,东,68,11.88,2
2017-7-8 11:00,晴,0,24,23,995,74,14.4,东,68,11.88,2
2017-7-8 11:30,多云,4,29,28,994,58,16.4,东,87,14.4,3
2017-7-8 12:00,晴,0,30,29,994,56,16.4,东南,132,8.28,2
2017-7-8 12:30,多云,4,30,29,994,57,14.2,东,79,10.44,2
2017-7-8 13:00,多云,4,30,30,993,54,14.2,南,163,6.48,2
2017-7-8 13:30,多云,4,31,30,993,57,11.7,西南,203,11.52,2
2017-7-8 14:00,多云,4,31,31,993,59,11.7,西南,208,12.6,3
2017-7-8 14:30,多云,4,32,31,993,59,9.5,南,200,15.12,3
2017-7-8 15:00,多云,4,32,31,993,60,9.5,东南,127,9.72,2
2017-7-8 15:30,多云,4,32,32,993,61,7.1,南,188,14.04,3
2017-7-8 16:00,多云,4,32,32,993,59,7.1,西南,205,12.96,3
2017-7-8 16:30,多云,4,32,31,993,57,9,西南,225,12.6,3
2017-7-8 17:00,多云,4,31,31,993,63,9,南,188,6.12,2
2017-7-8 17:30,多云,4,32,31,992,62,8,西南,222,6.84,2
2017-7-8 18:00,多云,4,32,31,992,61,8,南,160,4.32,1
2017-7-8 18:30,多云,4,32,31,992,61,7.5,西北,304,2.52,1
2017-7-8 19:00,多云,4,32,32,992,60,7.5,西南,233,5.76,2
2017-7-8 19:30,多云,4,32,31,993,62,7.4,西,264,4.68,1
2017-7-8 20:00,多云,4,31,30,993,65,7.4,西,262,3.96,1
2017-7-8 20:30,多云,4,30,30,993,71,6.6,东北,39,4.32,1
2017-7-8 21:00,多云,4,30,30,994,72,6.6,东北,59,8.28,2
2017-7-8 21:30,多云,4,30,30,994,71,4.7,东北,53,5.04,1
2017-7-8 22:00,多云,4,30,30,994,72,4.7,东北,62,6.84,2
2017-7-8 22:30,多云,4,30,29,994,74,3.9,东北,62,8.28,2
2017-7-8 23:00,多云,4,30,29,994,77,3.9,东,110,10.08,2
2017-7-8 23:30,多云,4,29,29,994,79,3.1,东,87,6.48,2
2017-7-9 0:00,多云,4,29,29,994,78,3.1,东南,129,13.68,3
2017-7-9 0:30,多云,4,29,29,994,78,3.1,东南,121,11.52,2
2017-7-9 1:00,多云,4,29,29,994,80,2.9,东北,25,7.92,2
2017-7-9 1:30,多云,4,28,28,994,82,2.1,北,8,7.2,2
2017-7-9 2:00,多云,4,28,28,994,83,2.1,东北,53,6.48,2
2017-7-9 2:30,多云,4,28,28,994,83,1.8,北,20,6.48,2
2017-7-9 3:00,多云,4,28,28,994,83,1.8,东北,59,5.4,1
2017-7-9 3:30,多云,4,28,28,994,82,1.7,东北,31,7.56,2
2017-7-9 4:00,多云,4,28,28,994,81,1.7,东北,31,11.52,2
2017-7-9 4:30,多云,4,27,27,994,82,2.1,东北,34,6.12,2
2017-7-9 5:00,多云,4,27,27,995,82,2.1,东,68,4.68,1
2017-7-9 5:30,多云,4,27,27,994,79,2,东北,51,8.64,2
2017-7-9 6:30,多云,4,27,27,995,79,3,东北,28,5.4,1
2017-7-9 7:00,多云,4,28,28,995,78,3,东北,62,8.64,2
2017-7-9 7:30,多云,4,28,28,995,77,2.5,东,87,10.8,2
2017-7-9 8:00,晴,0,29,28,995,74,2.5,东北,25,10.08,2
2017-7-9 8:30,多云,4,29,29,995,71,2.6,东北,42,16.92,3
2017-7-9 9:00,多云,4,30,29,995,71,2.6,东,110,11.52,2
2017-7-9 9:30,多云,4,30,30,995,69,3.8,东,82,10.44,2
2017-7-9 10:00,多云,4,30,30,995,71,3.8,东,93,9,2
2017-7-9 10:30,多云,4,31,31,995,69,2.6,东,68,13.68,3
2017-7-9 11:00,多云,4,31,31,995,68,2.6,东北,65,10.08,2
2017-7-9 11:30,多云,4,31,31,995,68,2.6,东北,65,10.08,2
2017-7-9 12:00,多云,4,31,31,995,68,2.6,东北,65,10.08,2
2017-7-9 12:30,多云,4,31,31,995,68,2.6,东北,65,10.08,2
2017-7-9 13:00,晴,0,32,31,995,54,2.6,北,0,3.6,1
2017-7-9 13:30,多云,4,34,33,993,56,3.6,东南,124,9.72,2
2017-7-9 14:00,多云,4,34,34,993,52,3.6,东南,146,11.52,2
2017-7-9 14:30,多云,4,35,34,993,51,4.8,东,110,10.8,2
2017-7-9 15:00,多云,4,35,35,993,49,4.8,东南,121,10.8,2
2017-7-9 15:30,多云,4,36,35,993,48,5.8,西南,228,5.04,1
2017-7-9 16:00,多云,4,35,35,992,49,5.8,西,250,11.52,2
2017-7-9 16:30,多云,4,35,35,992,51,6.4,西南,205,11.52,2
2017-7-9 17:00,多云,4,35,34,992,48,6.4,西南,203,14.4,3
2017-7-9 17:30,多云,4,35,34,992,50,7,南,177,11.52,2
2017-7-9 18:00,多云,4,35,34,992,47,7,西南,225,8.28,2
2017-7-9 18:30,多云,4,35,34,992,48,9.4,南,169,12.24,3
2017-7-9 19:00,多云,4,34,34,992,49,9.4,南,191,8.64,2
2017-7-9 19:30,多云,4,34,33,992,47,9.6,西南,205,10.08,2
2017-7-9 20:00,晴,0,34,33,992,50,9.6,西南,211,7.56,2
2017-7-9 20:30,多云,4,33,33,993,51,10.5,南,191,7.2,2
2017-7-9 21:00,多云,4,33,33,993,52,10.5,东南,146,5.76,2
2017-7-9 21:30,多云,4,33,32,993,53,11.7,西,287,3.96,1
2017-7-9 22:00,多云,4,30,29,994,46,11.7,西南,242,39.24,6
2017-7-9 22:30,多云,4,28,27,993,46,8.1,西,259,27.36,4
2017-7-9 23:00,多云,4,27,26,995,53,8.1,西南,214,16.92,3
2017-7-9 23:30,多云,4,26,25,996,58,24.1,西南,205,13.68,3
2017-7-10 0:30,多云,4,25,25,995,62,35,西南,222,14.4,3
2017-7-10 1:00,多云,4,25,24,995,58,35,西南,231,10.44,2
2017-7-10 1:30,多云,4,25,24,995,58,35,南,197,6.48,2
2017-7-10 2:00,多云,4,24,24,994,63,35,北,0,5.04,1
2017-7-10 2:30,多云,4,24,24,994,65,35,西北,301,7.2,2
2017-7-10 3:00,多云,4,24,24,993,66,35,西北,293,6.48,2
2017-7-10 3:30,多云,4,24,24,993,68,32.9,西,284,8.28,2
2017-7-10 4:00,多云,4,24,24,993,69,32.9,西北,301,3.96,1
2017-7-10 4:30,多云,4,23,23,993,76,23.2,西,278,2.88,1
2017-7-10 5:00,多云,4,23,22,993,79,23.2,北,999017,0,0
2017-7-10 5:30,多云,4,22,22,993,80,14.7,东北,53,3.6,1
2017-7-10 6:30,多云,4,25,25,993,70,15,西南,231,2.88,1
2017-7-10 7:00,多云,4,27,26,993,63,15,东北,37,5.04,1
2017-7-10 7:30,多云,4,27,26,993,63,14.8,北,17,6.12,2
2017-7-10 8:00,晴,0,28,27,994,62,14.8,东北,34,6.48,2
2017-7-10 8:30,晴,0,29,28,994,58,11.1,东北,65,7.2,2
2017-7-10 9:00,晴,0,30,29,994,56,11.1,东,70,9.72,2
2017-7-10 9:30,晴,0,31,30,994,49,12.7,东,79,4.68,1
2017-7-10 10:00,晴,0,32,31,994,42,12.7,东北,34,5.04,1
2017-7-10 10:30,晴,0,33,32,994,43,20.5,东,84,9.36,2
2017-7-10 11:00,晴,0,33,32,994,42,20.5,东北,34,10.08,2
2017-7-10 11:30,晴,0,34,33,994,42,18.1,东,110,10.44,2
2017-7-10 12:00,晴,0,34,33,994,35,18.1,东,68,7.92,2
2017-7-10 12:30,晴,0,35,34,994,33,19.1,东,98,6.12,2
2017-7-10 13:00,晴,0,35,34,994,27,19.1,东北,45,4.68,1
2017-7-10 13:30,晴,0,36,34,994,29,23.7,南,169,11.88,2
2017-7-10 14:00,晴,0,36,35,994,25,23.7,西,262,2.16,1
2017-7-10 14:30,晴,0,36,35,994,27,25.8,南,188,9.36,2
2017-7-10 15:00,晴,0,36,35,993,36,25.8,南,200,11.52,2
2017-7-10 15:30,晴,0,36,35,993,36,21.2,西南,205,15.12,3
2017-7-10 16:00,晴,0,36,35,993,40,21.2,西南,205,17.64,3
2017-7-10 16:30,晴,0,36,35,993,41,18.8,南,191,13.68,3
2017-7-10 17:00,晴,0,36,35,993,32,18.8,西南,219,18,3
2017-7-10 17:30,晴,0,36,35,993,33,32.6,西南,225,19.08,3
2017-7-10 18:00,晴,0,36,35,993,29,32.6,西南,211,12.96,3
2017-7-10 18:30,晴,0,36,35,993,29,34.8,西南,233,10.44,2
2017-7-10 19:00,晴,0,35,34,993,33,34.8,西南,211,10.44,2
2017-7-10 19:30,晴,0,34,33,993,41,30.5,西南,214,10.08,2
2017-7-10 20:00,晴,1,33,32,994,47,30.5,南,172,7.92,2
2017-7-10 20:30,晴,1,33,32,994,48,23,西南,228,8.28,2
2017-7-10 21:00,晴,1,32,31,994,50,23,南,191,11.52,2
2017-7-10 21:30,晴,1,31,31,995,51,21.9,西南,228,9,2
2017-7-10 22:00,晴,1,30,29,995,57,21.9,西南,211,9,2
2017-7-10 22:30,晴,1,30,29,995,58,19.1,西南,205,9.36,2
2017-7-10 23:00,晴,1,29,28,995,59,19.1,西南,211,7.56,2
2017-7-10 23:30,晴,1,28,28,996,61,18.3,西南,211,7.56,2
2017-7-11 0:00,晴,1,28,27,996,60,18.3,西南,219,7.56,2
2017-7-11 0:30,晴,1,28,27,996,61,16.6,西南,208,3.24,1
2017-7-11 1:00,晴,1,27,27,996,61,16.6,西南,228,5.76,2
2017-7-11 1:30,晴,1,27,26,996,62,15.7,西南,205,5.04,1
2017-7-11 2:00,晴,1,26,25,996,69,15.7,北,999017,0.72,0
2017-7-11 2:30,晴,1,25,25,996,72,13.6,北,999017,0,0
2017-7-11 3:00,晴,1,24,24,996,77,13.6,北,999017,0,0
2017-7-11 4:00,晴,1,24,24,996,78,11.2,东,98,4.68,1
2017-7-11 4:30,晴,1,24,24,997,80,11.6,东,73,5.4,1
2017-7-11 5:00,晴,1,24,24,997,80,11.6,东北,59,3.96,1
2017-7-11 5:30,晴,0,25,24,997,78,9,东北,34,6.48,2
2017-7-11 6:30,多云,4,26,25,997,69,8.7,东,68,7.2,2
2017-7-11 7:00,多云,4,27,27,997,62,8.7,东北,62,6.84,2
2017-7-11 7:30,多云,4,28,27,997,59,11.6,东北,56,6.48,2
2017-7-11 8:00,多云,4,28,28,998,56,11.6,北,20,14.4,3
2017-7-11 8:30,多云,4,29,28,998,57,15.1,东北,42,12.6,3
2017-7-11 9:00,多云,4,30,29,997,55,15.1,东北,53,11.52,2
2017-7-11 9:30,多云,4,30,30,997,57,9.9,东南,118,5.4,1
2017-7-11 10:00,多云,4,31,31,998,52,9.9,北,20,7.92,2
2017-7-11 10:30,多云,4,31,31,997,51,7.5,北,6,7.2,2
2017-7-11 11:00,多云,4,32,32,997,52,7.5,东南,124,6.84,2
2017-7-11 11:30,多云,4,33,32,998,48,6.8,东北,59,4.32,1
2017-7-11 12:00,多云,4,33,32,998,49,6.8,西南,211,3.6,1
2017-7-11 12:30,多云,4,33,33,998,47,5.8,南,188,11.16,2
2017-7-11 13:00,多云,4,34,34,997,43,5.8,东南,118,4.68,1
2017-7-11 13:30,多云,4,35,34,997,46,6.6,东,68,11.16,2
2017-7-11 14:00,多云,4,35,34,997,44,6.6,南,169,8.64,2
2017-7-11 14:30,多云,4,35,34,997,44,7.2,南,191,11.16,2
2017-7-11 15:00,多云,4,34,33,997,46,7.2,西南,225,6.84,2
2017-7-11 15:30,多云,4,34,33,997,49,8.1,西南,222,8.64,2
2017-7-11 16:00,多云,4,34,33,996,49,8.1,南,160,7.56,2
2017-7-11 16:30,多云,4,34,33,995,50,8.4,南,158,15.84,3
2017-7-11 17:00,多云,4,35,34,995,45,8.4,东北,25,3.6,1
2017-7-11 17:30,多云,4,35,34,996,42,9.6,西南,228,7.2,2
2017-7-11 18:00,多云,4,35,34,995,45,9.6,西,270,6.84,2
2017-7-11 18:30,多云,4,35,34,996,46,10,西南,228,5.4,1
2017-7-11 19:00,多云,4,34,33,996,49,10,西南,219,7.2,2
2017-7-11 19:30,多云,4,33,32,996,51,10,西南,208,5.4,1
2017-7-11 20:00,多云,4,32,32,997,52,10,西,248,4.68,1
2017-7-11 20:30,多云,4,31,31,997,56,10,西南,214,2.88,1
2017-7-11 21:00,多云,4,31,30,997,57,10,南,197,3.96,1
2017-7-11 21:30,多云,4,31,30,998,56,9.5,西南,228,5.4,1
2017-7-11 22:00,多云,4,31,31,997,56,9.5,南,194,3.96,1
2017-7-11 22:30,多云,4,31,30,998,59,7.3,南,177,3.24,1
2017-7-11 23:00,多云,4,31,30,998,60,7.3,南,166,5.04,1
2017-7-11 23:30,多云,4,30,30,997,63,7.3,南,177,4.68,1
2017-7-12 0:00,多云,4,30,29,997,66,7.3,西,267,3.6,1
2017-7-12 0:30,多云,4,29,29,997,68,7.3,西南,231,2.88,1
2017-7-12 1:00,多云,4,29,28,997,71,5.4,西南,211,6.48,2
2017-7-12 1:30,多云,4,28,28,997,72,4.8,西南,239,5.04,1
2017-7-12 2:00,多云,4,28,28,998,69,4.8,西南,211,7.92,2
2017-7-12 2:30,多云,4,28,28,998,63,4.9,西南,236,6.48,2
2017-7-12 3:00,多云,4,27,27,997,65,4.9,南,200,3.6,1
2017-7-12 3:30,多云,4,27,27,997,65,9.7,南,188,9.72,2
2017-7-12 4:00,多云,4,27,26,998,65,9.7,南,188,9,2
2017-7-12 4:30,多云,4,26,25,998,68,9.9,西南,222,4.68,1
2017-7-12 5:00,多云,4,26,25,998,67,9.9,西南,236,5.04,1
2017-7-12 5:30,多云,4,25,25,998,69,11.3,西南,222,7.2,2
2017-7-12 6:30,多云,4,26,25,999,66,11,南,188,10.08,2
2017-7-12 7:00,多云,4,27,26,999,63,11,西南,203,8.64,2
2017-7-12 7:30,多云,4,27,26,999,64,11.5,西南,203,6.12,2
2017-7-12 8:00,多云,4,28,27,999,63,11.5,南,169,5.76,2
2017-7-12 8:30,多云,4,29,28,999,62,10.5,西南,222,3.24,1
2017-7-12 9:00,多云,4,30,29,999,55,10.5,西南,242,5.76,2
2017-7-12 9:30,多云,4,31,30,999,55,10.4,西南,222,12.24,3
2017-7-12 10:00,多云,4,31,30,999,55,10.4,西南,222,12.24,3
2017-7-12 11:00,多云,4,31,30,999,52,10.4,南,180,10.8,2
2017-7-12 11:30,多云,4,33,32,998,51,13.4,东北,39,2.52,1
2017-7-12 12:00,多云,4,33,32,998,51,13.4,南,186,6.48,2
2017-7-12 12:30,多云,4,33,33,998,53,13.4,西南,214,13.32,3
2017-7-12 13:00,多云,4,33,33,998,53,13.4,西南,214,13.32,3
2017-7-12 13:30,多云,4,33,32,998,49,13.4,南,180,10.8,2
2017-7-12 14:00,多云,4,35,34,998,59,10.7,西,278,11.52,2
2017-7-12 14:30,多云,4,34,34,997,59,9.9,西南,205,18.36,3
2017-7-12 15:00,多云,4,35,34,997,59,9.9,南,197,13.68,3
2017-7-12 15:30,多云,4,35,35,997,58,9,西南,217,18.72,3
2017-7-12 16:00,多云,4,36,35,997,56,9,西南,208,15.84,3
2017-7-12 16:30,多云,4,35,35,997,56,9.2,南,183,18,3
2017-7-12 17:00,多云,4,35,35,997,57,9.2,南,166,17.28,3
2017-7-12 17:30,多云,4,35,35,997,57,9.2,南,180,14.4,3
2017-7-12 18:00,多云,4,35,34,996,59,8.3,南,166,13.32,3
2017-7-12 18:30,多云,4,35,34,996,59,7.5,南,166,13.68,3
2017-7-12 19:00,多云,4,34,34,996,61,7.5,南,180,14.76,3
2017-7-12 19:30,多云,4,34,34,996,63,8.3,南,186,8.28,2
2017-7-12 20:00,晴,1,33,33,997,65,8.3,南,197,7.2,2
2017-7-12 20:30,晴,1,33,33,997,66,8.3,西南,214,5.4,1
2017-7-12 21:00,多云,4,33,33,997,66,7.6,西南,208,5.04,1
2017-7-12 21:30,多云,4,33,33,997,66,7.2,南,191,5.76,2
2017-7-12 22:00,多云,4,33,33,997,66,7.2,南,174,3.24,1
2017-7-12 22:30,多云,4,33,33,997,68,6.8,西南,217,10.44,2
2017-7-12 23:00,多云,4,33,32,997,69,6.8,东南,141,2.88,1
2017-7-12 23:30,多云,4,32,32,997,69,6.8,南,158,6.84,2
2017-7-13 0:00,多云,4,32,32,997,68,6.8,南,188,11.52,2
2017-7-13 0:30,多云,4,32,32,997,68,7.3,南,180,15.12,3
2017-7-13 1:00,多云,4,31,31,997,70,7.3,南,191,17.28,3
2017-7-13 1:30,多云,4,31,31,997,71,8,西南,222,12.6,3
2017-7-13 2:00,多云,4,31,31,996,73,8,南,183,12.96,3
2017-7-13 2:30,多云,4,30,30,996,73,7.5,南,188,15.84,3
2017-7-13 3:00,多云,4,30,30,996,76,7.5,南,180,13.32,3
2017-7-13 3:30,多云,4,30,29,996,77,7.3,南,183,10.08,2
2017-7-13 4:00,多云,4,29,29,996,79,7.3,南,197,8.28,2
2017-7-13 4:30,多云,4,29,29,996,79,6.7,南,188,6.84,2
2017-7-13 5:00,多云,4,29,28,996,80,6.7,西南,208,8.28,2
2017-7-13 5:30,多云,4,28,28,996,81,6,西南,205,10.8,2
2017-7-13 6:30,多云,4,28,28,997,81,6,西南,222,7.92,2
2017-7-13 7:00,多云,4,28,28,997,81,6,西南,222,7.92,2
2017-7-13 7:30,多云,4,28,28,997,81,6,西南,222,7.92,2
2017-7-13 8:00,多云,4,29,,997,77,,西南,225,12,3
2017-7-13 8:30,多云,4,31,31,997,74,6.6,南,200,15.84,3
2017-7-13 9:00,多云,4,31,31,997,75,6.6,西南,228,9.36,2
2017-7-13 9:30,多云,4,32,31,997,72,6.8,西南,236,12.6,3
2017-7-13 10:00,多云,4,32,32,996,70,6.8,西南,239,16.92,3
2017-7-13 10:30,多云,4,32,32,996,72,6,南,191,14.76,3
2017-7-13 11:00,多云,4,33,33,996,67,6,南,158,12.24,3
2017-7-13 11:30,多云,4,33,33,996,67,5.7,南,174,16.56,3
2017-7-13 12:00,多云,4,34,33,996,66,5.7,南,158,11.88,2
2017-7-13 12:30,多云,4,34,34,996,64,5.8,西南,205,14.04,3
2017-7-13 13:00,多云,4,34,34,995,63,5.8,南,200,16.56,3
2017-7-13 13:30,多云,4,35,34,995,61,6.1,西南,205,12.6,3
2017-7-13 14:00,多云,4,35,35,995,61,6.1,南,186,20.52,4
2017-7-13 14:30,多云,4,35,35,995,62,7.9,西南,214,14.76,3
2017-7-13 15:00,多云,4,35,35,995,62,7.9,西南,214,14.76,3
2017-7-13 15:30,多云,4,35,35,995,62,7.9,西南,214,14.76,3
2017-7-13 16:00,多云,4,35,35,995,61,7.9,南,180,10.8,2
2017-7-13 16:30,多云,4,35,35,995,64,7.9,南,180,10.8,2
2017-7-13 17:00,多云,4,35,35,993,59,10.2,西南,214,8.28,2
2017-7-13 17:30,多云,4,35,35,993,59,10.9,南,169,7.2,2
2017-7-13 18:00,多云,4,36,35,994,59,10.9,西南,228,6.12,2
2017-7-13 18:30,多云,4,35,35,994,61,10.5,西南,239,8.64,2
2017-7-13 19:00,多云,4,35,34,994,61,10.5,西南,211,6.84,2
2017-7-13 19:30,多云,4,35,34,994,62,9.8,南,194,7.92,2
2017-7-13 20:00,多云,4,34,34,994,63,9.8,西南,245,4.68,1
2017-7-13 20:30,多云,4,34,34,994,64,9.9,西南,208,2.88,1
2017-7-13 21:00,多云,4,34,34,994,64,9.9,南,169,5.04,1
2017-7-13 21:30,多云,4,34,34,995,64,9.5,南,160,5.04,1
2017-7-13 22:00,多云,4,34,34,995,66,9.5,西,264,15.84,3
2017-7-13 22:30,多云,4,33,32,996,52,8.9,西北,298,18.72,3
2017-7-13 23:00,多云,4,31,30,996,53,8.9,西南,242,17.64,3
2017-7-13 23:30,多云,4,29,29,997,56,18.1,西北,293,10.8,2
2017-7-14 0:30,多云,4,27,26,996,59,20.2,东北,23,11.16,2
2017-7-14 1:00,多云,4,28,27,995,54,20.2,东北,45,11.88,2
2017-7-14 1:30,多云,4,28,27,995,56,35,西南,242,8.28,2
2017-7-14 2:00,多云,4,28,27,994,58,35,东,76,10.8,2
2017-7-14 2:30,多云,4,27,26,993,58,35,东北,37,14.04,3
2017-7-14 3:00,多云,4,27,26,995,62,35,东,104,8.64,2
2017-7-14 3:30,多云,4,27,26,996,64,28.3,西,267,6.12,2
2017-7-14 4:00,多云,4,27,26,997,63,28.3,南,169,4.68,1
2017-7-14 4:30,多云,4,27,26,998,66,30,南,180,11.88,2
2017-7-14 5:00,多云,4,27,26,999,66,30,东北,65,3.96,1
2017-7-14 5:30,多云,4,27,26,999,68,22,西南,231,3.96,1
2017-7-14 6:30,多云,4,26,26,999,76,17.2,西,287,9.36,2
2017-7-14 7:00,多云,4,26,26,998,73,17.2,西,273,6.84,2
2017-7-14 7:30,多云,4,27,27,999,69,16.2,西,278,9.72,2
2017-7-14 8:00,多云,4,28,27,999,69,16.2,西北,312,2.88,1
2017-7-14 8:30,多云,4,29,28,998,62,15,北,338,6.12,2
2017-7-14 9:00,多云,4,30,29,998,60,15,北,20,8.64,2
2017-7-14 9:30,晴,0,31,30,998,55,18.7,北,14,6.48,2
2017-7-14 10:00,晴,0,32,32,998,52,18.7,北,14,9.36,2
2017-7-14 10:30,晴,0,33,32,998,51,13.4,东北,25,16.2,3
2017-7-14 11:00,晴,0,33,32,998,53,13.4,东,96,9,2
2017-7-14 11:30,多云,4,33,32,998,51,13.8,东,96,10.08,2
2017-7-14 12:00,多云,4,33,32,998,52,13.8,东,104,5.04,1
2017-7-14 12:30,多云,4,33,32,998,53,13.2,东,90,5.4,1
2017-7-14 13:00,多云,4,33,32,998,56,13.2,东,90,6.12,2
2017-7-14 13:30,多云,4,32,32,998,57,11.4,东南,115,6.12,2
2017-7-14 14:00,多云,4,32,32,998,59,11.4,东,90,7.2,2
2017-7-14 14:30,多云,4,32,32,998,61,9.2,东,82,10.44,2
2017-7-14 15:00,多云,4,32,32,997,61,9.2,东南,129,6.84,2
2017-7-14 15:30,多云,4,33,32,997,59,7.5,东南,149,6.48,2
2017-7-14 16:00,多云,4,33,33,997,56,7.5,北,6,6.12,2
2017-7-14 16:30,多云,4,34,33,997,55,7,东,79,6.84,2
2017-7-14 17:00,多云,4,34,34,997,54,7,北,6,4.32,1
2017-7-14 17:30,多云,4,34,33,997,54,8,南,169,7.56,2
2017-7-14 18:00,多云,4,34,34,997,58,8,东,76,8.28,2
2017-7-14 18:30,多云,4,34,33,997,59,6.4,东,90,9,2
2017-7-14 19:00,多云,4,33,33,998,61,6.4,东,76,9.36,2
2017-7-14 19:30,多云,4,32,32,998,63,6.8,东,90,15.12,3
2017-7-14 20:00,阴,9,32,32,998,63,6.8,东北,42,8.64,2
2017-7-14 20:30,阴,9,32,32,999,62,10.3,东,110,7.56,2
2017-7-14 21:00,多云,4,32,31,1000,61,10.3,东北,48,10.44,2
2017-7-14 21:30,多云,4,32,31,1000,62,11.1,东,98,7.2,2
2017-7-14 22:00,多云,4,32,31,1000,63,11.1,东北,42,10.8,2
2017-7-14 22:30,多云,4,29,28,1001,66,8.3,东,79,22.32,4
2017-7-14 23:00,多云,4,28,28,1001,70,8.3,东北,48,18.36,3
2017-7-14 23:30,多云,4,28,27,1001,75,13.3,东北,31,11.52,2
2017-7-15 0:00,多云,4,28,27,1001,75,13.3,东北,62,14.04,3
2017-7-15 0:30,多云,4,27,27,1001,82,7.7,东北,25,13.68,3
2017-7-15 1:00,雷阵雨,11,26,26,1001,82,7.7,东北,31,15.84,3
2017-7-15 1:30,雷阵雨,11,25,25,1001,87,7.4,东北,42,19.44,3
2017-7-15 2:00,雷阵雨,11,25,25,1000,84,7.4,东北,37,20.16,4
2017-7-15 2:30,多云,4,25,25,1000,83,7,东北,48,14.4,3
2017-7-15 3:00,多云,4,26,26,1000,75,7,东北,42,15.84,3
2017-7-15 4:00,多云,4,27,26,1001,74,17.5,北,20,16.56,3
2017-7-15 4:30,多云,4,26,26,1001,76,16.6,北,346,7.92,2
2017-7-15 5:00,多云,4,25,25,1001,81,16.6,东北,53,15.48,3
2017-7-15 5:30,多云,4,25,25,1001,84,12,东,68,18.36,3
2017-7-15 6:30,多云,4,25,25,1002,86,6.8,西,284,4.68,1
2017-7-15 7:00,多云,4,26,25,1002,84,6.8,北,14,6.84,2
2017-7-15 7:30,多云,4,26,25,1002,83,8.3,东北,23,8.28,2
2017-7-15 8:00,多云,4,26,26,1003,81,8.3,东北,39,9.72,2
2017-7-15 8:30,阴,9,26,26,1003,79,8.3,东,68,8.64,2
2017-7-15 9:00,小雨,13,26,25,1004,80,8.3,东北,56,5.76,2
2017-7-15 9:30,多云,4,26,26,1004,77,17.3,东,107,7.2,2
2017-7-15 10:00,多云,4,26,26,1004,78,17.3,东南,155,5.04,1
2017-7-15 10:30,多云,4,27,26,1004,80,8.9,东,84,3.96,1
2017-7-15 11:00,多云,4,27,27,1004,77,8.9,西,278,14.76,3
2017-7-15 11:30,多云,4,27,27,1004,74,9.5,西,290,11.52,2
2017-7-15 12:00,多云,4,29,28,1003,68,9.5,西北,295,10.44,2
2017-7-15 12:30,多云,4,29,29,1003,65,10.9,西,273,3.96,1
2017-7-15 13:00,多云,4,30,29,1003,65,10.9,东,70,6.12,2
2017-7-15 13:30,多云,4,30,29,1003,65,8,东,76,8.28,2
2017-7-15 14:00,多云,4,30,29,1003,65,8,东,79,11.52,2
2017-7-15 14:30,阴,9,30,30,1003,64,9.8,东南,121,8.64,2
2017-7-15 15:00,阴,9,31,30,1002,61,9.8,东,68,7.92,2
2017-7-15 15:30,多云,4,31,31,1002,60,8.2,东北,42,10.08,2
2017-7-15 16:00,多云,4,32,31,1003,57,8.2,东北,45,7.92,2
2017-7-15 16:30,多云,4,32,31,1003,57,10.7,东,84,6.48,2
2017-7-15 17:00,多云,4,32,31,1003,54,10.7,东北,56,5.4,1
2017-7-15 17:30,多云,4,32,32,1002,56,14.2,东南,115,6.84,2
2017-7-15 18:00,多云,4,32,31,1002,56,14.2,东南,135,8.64,2
2017-7-15 18:30,多云,4,31,31,1002,59,13.9,东,98,6.84,2
2017-7-15 19:00,多云,4,31,31,1003,60,13.9,东南,132,5.76,2
2017-7-15 19:30,多云,4,31,30,1003,63,13.9,东,90,6.48,2
2017-7-15 20:00,多云,4,30,30,1004,63,13.9,东南,124,6.12,2
2017-7-15 20:30,多云,4,30,30,1004,64,12.3,南,166,2.88,1
2017-7-15 21:00,多云,4,29,29,1004,67,12.3,西,248,2.52,1
2017-7-15 21:30,多云,4,29,28,1004,71,10.9,东北,53,3.24,1
2017-7-15 22:00,多云,4,28,28,1005,74,10.9,东北,42,4.68,1
2017-7-15 22:30,多云,4,28,28,1005,75,8.1,东北,53,3.24,1
2017-7-15 23:00,多云,4,28,28,1005,77,8.1,东,84,3.6,1
2017-7-15 23:30,多云,4,28,28,1005,76,7.6,东南,124,4.68,1
2017-7-16 0:00,多云,4,28,28,1004,78,7.6,东,110,3.96,1
2017-7-16 0:30,多云,4,28,27,1005,79,7.6,东北,25,3.96,1
2017-7-16 1:00,多云,4,27,27,1004,83,4.2,东北,53,3.96,1
2017-7-16 1:30,多云,4,27,27,1004,84,3.5,东北,53,5.76,2
2017-7-16 2:00,多云,4,27,27,1004,84,3.5,东,79,5.76,2
2017-7-16 2:30,多云,4,27,27,1004,85,2.1,东南,113,6.84,2
2017-7-16 3:00,多云,4,27,27,1004,85,2.1,东,87,4.68,1
2017-7-16 3:30,多云,4,27,27,1004,84,2.6,东,104,6.84,2
2017-7-16 4:00,多云,4,27,27,1004,85,2.6,东,79,5.04,1
2017-7-16 4:30,多云,4,26,26,1004,85,2.5,东,101,5.4,1
2017-7-16 5:00,多云,4,26,26,1005,87,2.5,东,87,3.24,1
2017-7-16 5:30,多云,4,26,26,1005,87,2.3,东南,115,3.6,1
2017-7-16 6:00,多云,4,26,26,1005,87,2.3,东北,23,4.32,1
2017-7-16 6:30,多云,4,26,26,1005,88,2.1,东北,65,5.4,1
2017-7-16 7:00,多云,4,27,27,1005,86,2.1,东,93,6.84,2
2017-7-16 7:30,多云,4,27,27,1005,84,2.1,东北,56,6.48,2
2017-7-16 8:00,多云,4,28,28,1005,77,2.1,东北,28,6.48,2
2017-7-16 8:30,多云,4,28,28,1005,77,2.4,东,68,4.68,1
2017-7-16 9:00,多云,4,29,29,1005,73,2.4,东,79,8.64,2
2017-7-16 9:30,多云,4,30,29,1005,71,2.9,东北,59,6.48,2
2017-7-16 10:00,多云,4,30,30,1005,68,2.9,东,110,8.28,2
2017-7-16 10:30,多云,4,31,31,1005,67,2.4,东,68,7.2,2
2017-7-16 11:00,多云,4,31,31,1005,65,2.4,东北,39,7.56,2
2017-7-16 11:30,多云,4,32,31,1005,65,2.9,东北,45,9.72,2
2017-7-16 12:00,多云,4,32,32,1005,61,2.9,东南,135,3.24,1
2017-7-16 12:30,多云,4,32,32,1005,61,3.4,东南,113,8.28,2
2017-7-16 13:00,多云,4,33,32,1004,60,3.4,东,107,11.16,2
2017-7-16 13:30,晴,0,33,32,1004,57,4,东,110,9.72,2
2017-7-16 14:00,晴,0,33,33,1004,56,4,东,104,4.68,1
2017-7-16 14:30,晴,0,33,33,1004,54,4.7,东南,129,10.44,2
2017-7-16 15:00,晴,0,34,33,1003,51,4.7,东,104,9,2
2017-7-16 15:30,晴,0,34,34,1003,52,6.1,东南,149,7.92,2
2017-7-16 16:00,晴,0,34,33,1003,53,6.1,东,70,12.96,3
2017-7-16 16:30,晴,0,34,33,1003,52,5.9,东南,146,8.64,2
2017-7-16 17:00,晴,0,34,34,1003,51,5.9,东,90,9.36,2
2017-7-16 17:30,晴,0,34,33,1003,51,7.7,东,98,12.96,3
2017-7-16 18:00,晴,0,34,33,1003,52,7.7,东,73,10.44,2
2017-7-16 18:30,晴,0,33,33,1003,53,9.2,南,158,7.56,2
2017-7-16 19:00,晴,0,33,32,1004,58,9.2,东南,124,10.08,2
2017-7-16 19:30,晴,0,32,32,1004,60,8.8,东南,152,10.08,2
2017-7-16 20:00,多云,4,32,31,1004,61,8.8,东南,129,10.44,2
2017-7-16 20:30,晴,1,31,31,1004,65,9.9,西南,225,10.44,2
2017-7-16 21:00,晴,1,31,31,1004,63,9.9,南,183,7.56,2
2017-7-16 21:30,晴,1,31,30,1005,62,9.9,南,163,8.28,2
2017-7-16 22:00,晴,1,31,30,1005,63,9.9,东南,124,9,2
2017-7-16 22:30,晴,1,30,29,1005,71,8.8,西南,219,10.08,2
2017-7-16 23:00,晴,1,29,29,1005,73,8.8,南,191,8.64,2
2017-7-16 23:30,晴,1,28,28,1006,77,10.2,西,250,5.76,2
2017-7-17 0:00,晴,1,28,28,1006,78,10.2,西南,236,7.56,2
2017-7-17 0:30,晴,1,28,28,1006,78,9.9,西南,231,6.84,2
2017-7-17 1:00,晴,1,28,27,1005,80,9.9,西南,236,6.12,2
2017-7-17 1:30,晴,1,27,27,1005,80,9,西,253,3.96,1
2017-7-17 2:00,晴,1,27,27,1005,82,9,西南,219,1.8,1
2017-7-17 2:30,晴,1,27,27,1005,82,8.8,东,79,3.6,1
2017-7-17 3:00,晴,1,27,27,1006,83,8.8,东,110,6.12,2
2017-7-17 3:30,晴,1,27,27,1006,81,5.9,东,93,5.4,1
2017-7-17 4:00,晴,1,27,27,1005,82,5.9,东,98,6.48,2
2017-7-17 4:30,晴,1,27,26,1005,84,8.4,东,98,5.76,2
2017-7-17 5:00,晴,1,26,26,1005,86,8.4,东北,62,5.4,1
2017-7-17 5:30,晴,0,26,26,1006,87,5.6,东,90,7.92,2
2017-7-17 6:30,多云,4,26,26,1005,85,5.5,东北,39,5.04,1
2017-7-17 7:00,多云,4,27,26,1005,83,5.5,东南,113,5.04,1
2017-7-17 7:30,多云,4,27,27,1005,79,7.7,南,160,10.8,2
2017-7-17 8:00,多云,4,28,27,1006,76,7.7,东,82,8.28,2
2017-7-17 8:30,多云,4,28,27,1006,73,7.8,东,107,11.52,2
2017-7-17 9:00,多云,4,29,29,1006,70,7.8,南,160,10.8,2
2017-7-17 9:30,多云,4,29,28,1005,72,7.4,西南,211,6.48,2
2017-7-17 10:00,多云,4,29,29,1006,71,7.4,西南,217,8.64,2
2017-7-17 10:30,多云,4,29,29,1006,70,7.6,东南,143,8.64,2
2017-7-17 11:00,多云,4,29,29,1005,70,7.6,西南,245,8.64,2
2017-7-17 11:30,多云,4,30,30,1005,68,7.1,西南,205,9.36,2
2017-7-17 12:00,多云,4,30,29,1005,68,7.1,西南,225,12.24,3
2017-7-17 12:30,多云,4,31,30,1005,66,9.6,东南,149,9,2
2017-7-17 13:00,多云,4,31,31,1005,63,9.6,东南,152,5.04,1
2017-7-17 13:30,多云,4,32,31,1004,61,7.7,西南,236,12.96,3
2017-7-17 14:00,多云,4,32,32,1005,61,7.7,东南,149,11.88,2
2017-7-17 14:30,多云,4,32,31,1004,60,9.5,东南,124,10.44,2
2017-7-17 15:00,多云,4,33,32,1004,57,9.5,西南,233,3.24,1
2017-7-17 15:30,多云,4,32,32,1004,58,9.5,东南,124,10.8,2
2017-7-17 16:00,多云,4,33,32,1004,57,9.5,东,79,8.64,2
2017-7-17 16:30,多云,4,33,32,1004,57,10.1,东南,115,15.12,3
2017-7-17 17:00,多云,4,33,32,1003,56,10.1,南,160,3.6,1
2017-7-17 17:30,多云,4,33,32,1003,56,10.4,东南,118,8.64,2
2017-7-17 18:00,多云,4,32,32,1003,58,10.4,东南,146,6.48,2
2017-7-17 18:30,晴,0,32,31,1003,60,9.7,东,79,11.88,2
2017-7-17 19:00,晴,0,31,31,1003,62,9.7,东,79,9.72,2
2017-7-17 19:30,晴,0,31,31,1003,63,7.8,东,87,7.56,2
2017-7-17 20:00,晴,1,31,30,1004,64,7.8,东南,115,7.2,2
2017-7-17 20:30,晴,1,30,30,1004,66,5.3,东南,121,10.44,2
2017-7-17 21:00,晴,1,30,30,1004,67,5.3,东,98,6.12,2
2017-7-17 21:30,晴,1,30,29,1004,69,4.8,东,110,6.48,2
2017-7-17 22:30,晴,1,30,29,1005,69,4.4,南,172,8.28,2
2017-7-17 23:00,晴,1,29,29,1004,70,4.4,西南,211,12.96,3
2017-7-17 23:30,晴,1,29,29,1004,73,6.6,西南,222,9,2
2017-7-18 0:00,晴,1,28,28,1004,77,6.6,西南,228,6.84,2
2017-7-18 0:30,晴,1,28,28,1004,78,4.7,西南,205,5.04,1
2017-7-18 1:00,晴,1,29,28,1004,75,4.7,南,158,6.48,2
2017-7-18 1:30,晴,1,29,28,1004,76,7.1,东,98,7.92,2
2017-7-18 2:00,晴,1,28,28,1003,77,7.1,南,188,3.96,1
2017-7-18 2:30,晴,1,28,28,1003,78,6.2,南,186,6.48,2
2017-7-18 3:00,晴,1,28,28,1003,78,6.2,东,110,2.88,1
2017-7-18 3:30,晴,1,28,28,1003,79,5.4,西南,219,6.48,2
2017-7-18 4:00,晴,1,28,28,1003,82,5.4,西南,222,7.56,2
2017-7-18 4:30,晴,1,27,27,1003,85,3.8,西南,228,3.96,1
2017-7-18 5:00,晴,1,27,27,1003,87,3.8,西南,233,8.28,2
2017-7-18 5:30,晴,0,27,27,1003,88,3,西,248,3.96,1
2017-7-18 6:30,晴,0,27,27,1003,86,2.6,西,250,5.04,1
2017-7-18 7:30,晴,0,27,27,1003,86,3.1,西南,205,9.36,2
2017-7-18 8:00,小雨,13,27,27,1003,90,3.1,北,0,1.8,1
2017-7-18 8:30,多云,4,27,27,1003,90,2.5,西南,228,5.04,1
2017-7-18 9:00,多云,4,27,27,1003,87,2.5,南,197,5.04,1
2017-7-18 10:30,阴,9,28,28,1003,83,2.4,西南,222,11.88,2
2017-7-18 11:00,阴,9,27,27,1003,82,2.4,西,276,15.48,3
2017-7-18 11:30,阴,9,27,26,1003,82,2.3,西北,326,8.64,2
2017-7-18 12:30,多云,4,30,29,1002,70,8.9,西北,332,5.4,1
2017-7-18 13:00,多云,4,31,31,1002,65,8.9,西南,217,8.64,2
2017-7-18 13:30,多云,4,32,31,1002,64,6.6,西南,242,11.16,2
2017-7-18 14:00,阵雨,10,29,29,1002,77,6.6,西南,233,16.56,3
2017-7-18 14:30,多云,4,28,28,1002,76,4.9,东北,25,8.64,2
2017-7-18 15:00,多云,4,28,28,1001,75,4.9,东北,31,11.88,2
2017-7-18 15:30,多云,4,30,30,1001,68,17.2,东北,45,9,2
2017-7-18 16:30,多云,4,32,31,1000,61,13.7,东北,56,5.76,2
2017-7-18 17:30,多云,4,32,32,1000,62,13.7,东,90,10.44,2
2017-7-18 18:00,多云,4,32,32,1000,62,13.7,东,90,10.44,2
2017-7-18 18:30,多云,4,33,33,1000,61,13.7,北,0,7.2,2
2017-7-18 19:00,多云,4,32,31,999,66,10.6,东,70,7.56,2
2017-7-18 19:30,多云,4,32,31,999,66,10.6,东,70,7.56,2
2017-7-18 20:00,多云,4,31,31,999,68,5.5,西,273,4.68,1
2017-7-18 20:30,多云,4,31,31,999,68,5.5,西,273,4.68,1
2017-7-18 21:00,多云,4,28,27,1001,83,5.3,西南,242,25.2,4
2017-7-18 21:30,多云,4,26,26,1001,79,5.1,西南,228,24.48,4
2017-7-18 22:00,多云,4,27,26,1001,82,5.1,西,250,6.84,2
2017-7-18 22:30,多云,4,27,26,1001,86,7,西,262,4.32,1
2017-7-18 23:00,晴,1,27,27,1000,86,7,西南,214,9,2
2017-7-18 23:30,多云,4,27,27,1000,85,4.1,南,174,11.16,2
2017-7-19 0:00,多云,4,27,27,1000,87,4.1,西南,233,4.68,1
2017-7-19 0:30,多云,4,27,27,1000,87,3.3,西南,217,6.84,2
2017-7-19 1:00,多云,4,27,27,1000,87,3.3,西南,225,6.48,2
2017-7-19 1:30,多云,4,26,26,999,87,3.3,南,191,4.68,1
2017-7-19 2:00,多云,4,27,27,999,85,3.3,东南,146,6.48,2
2017-7-19 2:30,多云,4,27,27,999,86,3.5,南,191,5.76,2
2017-7-19 3:00,多云,4,27,27,999,90,3.5,南,200,7.2,2
2017-7-19 3:30,多云,4,26,27,999,91,2,西南,205,5.4,1
2017-7-19 4:00,多云,4,26,26,999,93,2,南,183,6.12,2
2017-7-19 4:30,多云,4,26,26,999,92,1.8,西南,217,6.48,2
2017-7-19 5:00,多云,4,26,26,999,91,1.8,西南,203,6.84,2
2017-7-19 5:30,多云,4,26,26,999,90,2.3,南,194,6.48,2
2017-7-19 6:30,多云,4,26,26,999,91,2.5,南,197,6.12,2
2017-7-19 7:00,多云,4,26,26,999,90,2.5,西南,222,7.2,2
2017-7-19 7:30,多云,4,26,26,999,90,2.8,西南,236,9,2
2017-7-19 8:00,多云,4,27,27,999,87,2.8,南,166,7.92,2
2017-7-19 8:30,阴,9,27,27,999,85,2.8,南,191,4.68,1
2017-7-19 9:00,阴,9,28,28,999,83,2.8,南,191,9.72,2
2017-7-19 9:30,阴,9,29,29,999,81,2.7,南,177,7.2,2
2017-7-19 10:00,多云,4,29,29,999,79,2.7,西南,236,13.68,3
2017-7-19 10:30,多云,4,29,29,999,77,3.1,西南,228,12.96,3
2017-7-19 11:00,晴,0,30,29,999,74,3.1,西南,211,10.08,2
2017-7-19 11:30,多云,4,30,29,999,72,3.8,南,188,10.44,2
2017-7-19 12:00,多云,4,30,30,998,72,3.8,西,248,14.04,3
2017-7-19 12:30,多云,4,30,30,998,71,3.7,南,186,11.16,2
2017-7-19 13:00,多云,4,32,31,998,69,3.7,西南,228,12.6,3
2017-7-19 13:30,多云,4,31,31,998,65,4.4,西南,233,12.96,3
2017-7-19 14:00,多云,4,32,31,997,63,4.4,南,197,11.52,2
2017-7-19 14:30,阴,9,32,32,997,65,5.2,西南,233,15.48,3
2017-7-19 15:00,阴,9,32,32,997,64,5.2,西南,233,11.52,2
2017-7-19 15:30,阴,9,32,32,997,63,5.2,西南,214,13.68,3
2017-7-19 16:00,阴,9,33,32,996,63,5.2,西,250,9.36,2
2017-7-19 16:30,阴,9,32,32,996,64,5.3,西南,231,11.16,2
2017-7-19 17:00,阴,9,32,32,996,63,5.3,西南,214,15.48,3
2017-7-19 17:30,多云,4,32,32,996,62,5.6,西南,233,15.12,3
2017-7-19 18:00,多云,4,32,32,996,64,5.6,西南,205,7.56,2
2017-7-19 18:30,多云,4,32,32,996,64,6,西南,225,11.88,2
2017-7-19 19:00,多云,4,32,31,997,65,6,西南,217,9.36,2
2017-7-19 19:30,多云,4,31,31,997,66,6.1,南,197,9,2
2017-7-19 20:00,多云,4,31,31,997,68,6,南,197,6.12,2
2017-7-19 20:30,多云,4,31,31,997,68,6,西南,217,5.4,1
2017-7-19 21:00,多云,4,30,30,998,71,6,西南,222,6.12,2
2017-7-19 21:30,多云,4,30,30,998,71,5.4,南,186,8.28,2
2017-7-19 22:00,多云,4,30,30,998,70,5.4,南,188,9,2
2017-7-19 22:30,多云,4,30,30,998,71,5.4,西南,242,5.76,2
2017-7-19 23:00,多云,4,30,30,998,74,5.4,南,200,11.16,2
2017-7-19 23:30,多云,4,30,29,998,75,4.7,西南,228,10.44,2
2017-7-20 0:00,多云,4,29,29,998,78,4.7,南,183,8.28,2
2017-7-20 0:30,多云,4,29,29,998,78,4.1,南,194,5.04,1
2017-7-20 1:00,多云,4,29,29,998,79,4.1,南,191,4.32,1
2017-7-20 1:30,多云,4,29,29,998,79,4.3,西南,222,4.32,1
2017-7-20 2:00,多云,4,28,28,998,80,4.3,南,197,4.32,1
2017-7-20 2:30,多云,4,28,28,998,81,3.8,北,20,2.52,1
2017-7-20 3:00,多云,4,28,28,998,84,3.8,西南,225,4.32,1
2017-7-20 3:30,多云,4,28,28,997,84,3.2,南,188,4.68,1
2017-7-20 4:00,多云,4,28,27,997,84,3.2,南,166,2.88,1
2017-7-20 4:30,多云,4,27,27,997,84,3,西南,211,2.88,1
2017-7-20 5:00,多云,4,27,27,997,86,3,西南,233,4.32,1
2017-7-20 5:30,多云,4,27,27,997,87,2.6,北,999017,0,0
2017-7-20 6:00,多云,4,27,27,997,87,2.3,东,70,2.16,1
2017-7-20 6:30,多云,4,28,28,997,87,2.3,东,110,3.96,1
2017-7-20 7:00,多云,4,28,28,997,83,2.3,东南,141,6.48,2
2017-7-20 7:30,多云,4,29,28,997,81,2.2,东南,124,9.36,2
2017-7-20 8:00,多云,4,29,29,998,78,2.2,东南,141,6.12,2
2017-7-20 8:30,阴,9,30,30,998,79,2,西南,203,6.48,2
2017-7-20 9:00,阴,9,30,30,998,80,2,西南,214,6.84,2
2017-7-20 9:30,多云,4,30,30,998,80,2.4,南,194,8.64,2
2017-7-20 10:00,多云,4,30,30,997,80,2.4,南,169,5.76,2
2017-7-20 10:30,多云,4,30,30,997,80,2.4,西南,228,11.16,2
2017-7-20 11:00,多云,4,31,31,997,72,2.4,南,197,11.88,2
2017-7-20 11:30,多云,4,32,32,997,71,2.5,南,163,11.52,2
2017-7-20 12:00,多云,4,32,32,996,71,2.5,西南,225,12.6,3
2017-7-20 12:30,多云,4,32,32,996,70,3.4,南,183,10.08,2
2017-7-20 13:00,多云,4,33,33,996,70,3.4,西南,219,11.52,2
2017-7-20 13:30,多云,4,33,33,996,68,3.2,西南,225,10.44,2
2017-7-20 14:00,多云,4,34,34,995,66,3.2,西南,214,6.48,2
2017-7-20 14:30,多云,4,34,34,995,63,3.4,西南,217,12.24,3
2017-7-20 15:00,多云,4,34,34,995,65,3.4,西南,233,15.12,3
2017-7-20 15:30,多云,4,34,34,994,64,4,西南,231,11.16,2
2017-7-20 16:00,多云,4,35,34,994,62,4,西南,208,12.24,3
2017-7-20 16:30,多云,4,35,35,994,63,5.2,西,267,7.92,2
2017-7-20 17:00,多云,4,34,34,995,65,5.2,西南,203,7.92,2
2017-7-20 17:30,多云,4,34,34,995,66,5.7,西南,219,8.28,2
2017-7-20 18:00,多云,4,34,33,995,67,5.7,南,188,3.96,1
2017-7-20 18:30,多云,4,34,33,995,67,5.4,西南,239,5.76,2
2017-7-20 19:00,多云,4,34,34,995,67,5.4,西南,233,3.6,1
2017-7-20 19:30,多云,4,33,33,996,70,4.7,西,256,4.68,1
2017-7-20 20:00,多云,4,33,33,996,70,4.7,西南,233,2.88,1
2017-7-20 20:30,多云,4,33,33,996,70,4.4,西,267,2.16,1
2017-7-20 21:00,多云,4,33,33,997,71,4.4,北,14,3.6,1
2017-7-20 21:30,多云,4,32,32,997,76,3.9,东北,51,9,2
2017-7-20 22:00,多云,4,32,32,998,79,3.9,东北,48,8.64,2
2017-7-20 22:30,多云,4,31,31,997,82,2,东北,42,6.12,2
2017-7-20 23:00,多云,4,31,31,997,84,2,东北,42,6.84,2
2017-7-20 23:30,多云,4,31,31,998,83,1.6,东北,28,8.64,2
2017-7-21 0:00,多云,4,30,31,997,83,1.6,东北,28,10.44,2
2017-7-21 0:30,多云,4,30,30,997,84,1.4,北,352,8.28,2
2017-7-21 1:00,中雨,14,29,30,998,88,1.4,北,0,8.64,2
2017-7-21 1:30,中雨,14,26,26,998,92,1,南,188,24.12,4
2017-7-21 2:00,中雨,14,26,26,998,92,1,北,340,7.92,2
2017-7-21 2:30,多云,4,25,25,998,91,16.7,东北,34,10.44,2
2017-7-21 3:00,多云,4,26,26,998,92,16.7,东北,59,18.72,3
2017-7-21 3:30,多云,4,26,26,998,91,6.6,东,68,11.16,2
2017-7-21 4:00,多云,4,26,26,998,91,6.6,北,354,2.88,1
2017-7-21 4:30,多云,4,26,26,998,91,12.8,北,343,16.56,3
2017-7-21 5:00,多云,4,26,26,999,91,12.8,东北,25,6.48,2
2017-7-21 5:30,多云,4,26,26,999,91,6.3,东北,45,9,2
2017-7-21 6:00,多云,4,26,26,1000,89,6.3,东,79,5.4,1
2017-7-21 6:30,多云,4,26,26,1000,87,13.1,东北,53,8.28,2
2017-7-21 7:00,多云,4,26,26,1001,89,13.1,东,70,11.16,2
2017-7-21 7:30,多云,4,26,26,1002,87,9,东,79,17.64,3
2017-7-21 8:00,多云,4,26,26,1002,87,9,东,79,17.64,3
2017-7-21 8:30,多云,4,26,26,1002,87,9,东,79,17.64,3
2017-7-21 9:00,多云,4,24,24,1004,83,12.7,东,107,20.52,4
2017-7-21 9:30,多云,4,24,24,1004,84,15.1,东北,42,20.16,4
2017-7-21 10:00,多云,4,23,23,1005,82,15.1,东,73,23.04,4
2017-7-21 10:30,多云,4,23,23,1005,81,35,东,93,21.6,4
2017-7-21 11:00,阵雨,10,22,21,1005,88,35,东,101,9,2
2017-7-21 11:30,多云,4,22,21,1006,88,9.3,东,93,7.56,2
2017-7-21 12:00,小雨,13,22,21,1006,91,9.3,东北,62,9,2
2017-7-21 12:30,阵雨,10,21,21,1006,94,2.7,东,93,9,2
2017-7-21 13:00,阵雨,10,21,21,1006,94,2.7,东南,118,5.76,2
2017-7-21 13:30,阵雨,10,22,21,1006,95,2,东,101,3.96,1
2017-7-21 14:00,阵雨,10,22,21,1006,95,2,东南,152,6.84,2
2017-7-21 14:30,阵雨,10,22,21,1006,94,2,东,79,6.48,2
2017-7-21 15:00,多云,4,22,21,1006,93,4.4,东,76,6.84,2
2017-7-21 15:30,多云,4,22,21,1006,93,5.1,东,96,13.32,3
2017-7-21 16:00,多云,4,22,21,1006,92,5.1,东北,56,10.08,2
2017-7-21 16:30,多云,4,22,21,1006,92,6.4,东,101,14.04,3
2017-7-21 17:00,多云,4,22,21,1006,92,6.4,东,98,14.04,3
2017-7-21 17:30,多云,4,22,21,1006,90,6.6,东,96,15.84,3
2017-7-21 18:00,多云,4,22,21,1006,88,6.6,东南,121,12.24,3
2017-7-21 18:30,多云,4,22,21,1006,85,21.1,东南,132,9.36,2
2017-7-21 19:00,多云,4,22,21,1006,83,21.1,东,68,8.28,2
2017-7-21 19:30,多云,4,22,21,1007,85,24.6,东,101,4.68,1
2017-7-21 20:00,多云,4,22,21,1007,84,24.6,东,68,8.64,2
2017-7-21 20:30,多云,4,22,21,1007,85,21.4,东,70,5.4,1
2017-7-21 21:00,多云,4,22,21,1007,84,21.4,北,352,3.24,1
2017-7-21 21:30,多云,4,22,21,1008,84,20.4,北,20,3.24,1
2017-7-21 22:00,多云,4,22,21,1008,84,20.4,东北,56,3.6,1
2017-7-21 22:30,多云,4,22,21,1008,83,16.6,南,166,2.88,1
2017-7-21 23:00,多云,4,22,21,1007,82,16.6,东北,25,1.08,1
2017-7-21 23:30,多云,4,22,21,1008,83,17.1,西,250,1.8,1
2017-7-22 0:00,多云,4,22,22,1007,83,17.1,西南,233,1.8,1
2017-7-22 0:30,多云,4,22,22,1007,84,16.5,西南,242,6.12,2
2017-7-22 1:00,多云,4,22,21,1007,82,16.5,东南,155,5.04,1
2017-7-22 1:30,多云,4,22,22,1007,80,16.4,南,169,4.68,1
2017-7-22 2:00,多云,4,22,22,1006,80,16.4,西,270,6.84,2
2017-7-22 2:30,多云,4,22,22,1006,79,15.5,西,278,5.04,1
2017-7-22 3:00,多云,4,22,22,1006,80,15.5,西北,295,3.96,1
2017-7-22 3:30,多云,4,22,22,1006,78,15.2,西北,295,6.12,2
2017-7-22 4:00,多云,4,22,22,1006,80,15.2,西,270,7.2,2
2017-7-22 4:30,多云,4,23,22,1006,80,14.2,西北,295,5.4,1
2017-7-22 5:00,多云,4,23,22,1006,80,14.2,西北,295,5.4,1
2017-7-22 5:30,多云,4,23,23,1006,79,14.2,东北,45,3.6,1
2017-7-22 6:00,多云,4,23,23,1006,79,14.2,东北,45,3.6,1
2017-7-22 6:30,多云,4,23,23,1006,79,14.2,东北,45,3.6,1
2017-7-22 7:00,多云,4,23,23,1006,77,13.1,西,273,4.32,1
2017-7-22 7:30,多云,4,23,23,1006,75,16.7,西北,298,8.28,2
2017-7-22 8:00,多云,4,24,23,1006,74,16.7,北,352,6.48,2
2017-7-22 8:30,阴,9,24,23,1006,73,16.7,北,338,5.4,1
2017-7-22 9:00,阴,9,24,24,1006,71,16.7,北,14,6.48,2
2017-7-22 9:30,阴,9,25,24,1007,72,17.9,东北,31,4.68,1
2017-7-22 10:00,阴,9,25,25,1007,69,17.9,西北,315,3.6,1
2017-7-22 10:30,阴,9,25,25,1007,68,20.4,西北,304,5.4,1
2017-7-22 11:00,阴,9,26,25,1007,69,20.4,北,338,7.2,2
2017-7-22 11:30,阴,9,26,25,1007,68,16.9,北,352,7.2,2
2017-7-22 12:00,多云,4,26,26,1007,68,16.9,东北,39,7.2,2
2017-7-22 12:30,阴,9,27,26,1006,68,15.3,东,84,6.48,2
2017-7-22 13:00,阴,9,27,26,1006,63,15.3,东,90,6.12,2
2017-7-22 13:30,阴,9,27,26,1006,63,17.2,东,87,7.2,2
2017-7-22 14:00,阴,9,28,27,1006,61,17.2,东,79,6.48,2
2017-7-22 14:30,阴,9,28,27,1005,61,17.7,东南,127,9,2
2017-7-22 15:00,阴,9,28,27,1005,57,17.7,东,73,5.4,1
2017-7-22 15:30,阴,9,28,27,1005,59,30.4,东,96,7.92,2
2017-7-22 16:00,阴,9,28,27,1005,57,30.4,南,188,5.04,1
2017-7-22 16:30,阴,9,28,27,1004,59,23.5,东南,138,6.12,2
2017-7-22 17:00,阴,9,28,27,1004,60,23.5,东南,135,6.12,2
2017-7-22 17:30,阴,9,28,27,1004,59,21.5,东南,143,7.92,2
2017-7-22 18:00,阴,9,28,27,1005,58,21.5,东,110,6.12,2
2017-7-22 18:30,阴,9,27,27,1005,63,26.5,东,76,5.4,1
2017-7-22 19:00,阴,9,27,26,1005,62,26.5,东北,37,3.96,1
2017-7-22 19:30,阴,9,27,26,1005,64,21.1,东,101,5.04,1
2017-7-22 20:00,阴,9,27,26,1005,66,21.1,东,87,8.28,2
2017-7-22 20:30,阴,9,26,26,1005,68,17,东北,48,6.48,2
2017-7-22 21:00,阴,9,26,25,1005,70,17,东北,51,5.04,1
2017-7-22 21:30,阴,9,26,25,1005,70,18,东北,45,4.32,1
2017-7-22 22:00,阴,9,26,25,1005,69,18,东北,23,5.4,1
2017-7-22 22:30,阴,9,26,25,1005,72,16.3,东北,53,4.32,1
2017-7-22 23:00,阴,9,26,25,1005,73,16.3,东北,53,3.96,1
2017-7-22 23:30,阴,9,26,25,1005,72,15.5,东,76,2.88,1
2017-7-23 0:00,阴,9,26,25,1005,72,15.5,东北,51,3.96,1
2017-7-23 0:30,阴,9,26,25,1005,73,15.4,东北,53,4.32,1
2017-7-23 1:00,阴,9,25,25,1004,73,15.4,东北,65,3.96,1
2017-7-23 1:30,阴,9,25,25,1004,72,14,东,101,5.4,1
2017-7-23 2:00,多云,4,25,25,1003,73,14,东北,51,4.32,1
2017-7-23 2:30,阴,9,25,25,1003,73,15.8,东南,124,3.96,1
2017-7-23 3:00,阴,9,25,25,1003,71,15.8,东南,124,2.88,1
2017-7-23 3:30,阴,9,25,25,1003,75,13.8,西南,211,5.04,1
2017-7-23 4:00,阴,9,25,25,1002,77,13.8,西南,217,3.6,1
2017-7-23 4:30,阴,9,25,24,1002,78,12.9,西南,222,1.8,1
2017-7-23 5:00,阴,9,25,24,1003,79,12.9,西南,225,2.88,1
2017-7-23 5:30,阴,9,25,24,1003,80,10.3,西,253,1.44,1
2017-7-23 6:30,多云,4,25,25,1002,81,9.6,西南,225,5.04,1
2017-7-23 7:00,多云,4,25,25,1003,81,9.6,西南,225,6.12,2
2017-7-23 7:30,多云,4,25,25,1003,79,7.3,西南,214,7.56,2
2017-7-23 8:00,多云,4,25,25,1003,76,7.3,西,262,7.2,2
2017-7-23 8:30,多云,4,25,25,1003,77,6.9,西南,242,5.4,1
2017-7-23 9:00,多云,4,25,25,1003,79,6.9,西,267,5.4,1
2017-7-23 9:30,多云,4,25,25,1003,78,5,西南,239,4.32,1
2017-7-23 10:00,多云,4,26,25,1002,74,5,西,248,5.76,2
2017-7-23 10:30,多云,4,26,26,1002,73,4.8,西南,225,4.32,1
2017-7-23 11:00,多云,4,26,26,1002,72,4.8,西,290,2.88,1
2017-7-23 11:30,多云,4,27,27,1002,72,4.9,东南,124,3.96,1
2017-7-23 12:00,多云,4,27,26,1002,75,4.9,北,349,7.56,2
2017-7-23 12:30,多云,4,27,26,1002,74,4.9,东北,34,8.28,2
2017-7-23 13:00,多云,4,27,26,1002,74,4.9,东北,34,8.28,2
2017-7-23 13:30,阴,9,26,26,1002,76,5.5,南,180,7.2,2
2017-7-23 14:00,阴,9,26,26,1002,76,5.5,南,180,7.2,2
2017-7-23 14:30,阴,9,27,27,1001,69,4.5,东北,42,4.32,1
2017-7-23 15:00,阴,9,27,27,1001,70,4.5,东北,28,5.76,2
2017-7-23 15:30,阴,9,27,27,1001,71,4.5,东南,121,5.76,2
2017-7-23 16:00,阴,9,28,27,1000,69,4.5,南,197,3.24,1
2017-7-23 16:30,阴,9,29,28,1000,66,4.4,西,253,6.48,2
2017-7-23 17:00,阴,9,28,28,1000,68,4.4,西南,217,5.4,1
2017-7-23 17:30,阴,9,28,28,1000,68,3.9,南,200,6.12,2
2017-7-23 18:00,阴,9,28,28,1000,68,3.9,南,169,5.04,1
2017-7-23 18:30,多云,4,28,27,1000,68,3.7,南,197,6.84,2
2017-7-23 19:00,多云,4,28,27,1000,70,3.7,南,197,4.68,1
2017-7-23 19:30,多云,4,28,27,1000,70,3.7,南,186,5.04,1
2017-7-23 20:00,多云,4,27,27,1000,74,3.7,南,197,4.68,1
2017-7-23 20:30,多云,4,27,27,1001,77,3,西南,222,8.64,2
2017-7-23 21:00,多云,4,27,27,1001,77,3,南,158,4.68,1
2017-7-23 21:30,多云,4,27,27,1001,77,2.3,西南,236,7.56,2
2017-7-23 22:00,多云,4,27,26,1001,79,2.3,西南,231,5.04,1
2017-7-23 22:30,多云,4,27,26,1001,79,2.2,西南,217,4.68,1
2017-7-23 23:00,多云,4,26,26,1001,81,2.2,西南,228,6.48,2
2017-7-23 23:30,多云,4,26,26,1000,81,2.2,西南,245,3.6,1
2017-7-24 0:00,多云,4,26,26,1001,83,2.2,西南,231,5.4,1
2017-7-24 0:30,多云,4,26,26,1000,83,2.1,西南,233,5.76,2
2017-7-24 1:00,多云,4,26,25,1000,84,2.1,西南,211,5.4,1
2017-7-24 1:30,多云,4,26,26,1000,84,2.3,西,250,4.32,1
2017-7-24 2:00,多云,4,26,25,1000,85,2.3,西南,242,3.96,1
2017-7-24 2:30,多云,4,26,25,999,85,2.3,北,999017,0,0
2017-7-24 3:00,多云,4,26,25,999,85,2.3,西,248,2.88,1
2017-7-24 3:30,多云,4,26,25,1000,85,2.2,西,290,2.88,1
2017-7-24 4:00,多云,4,26,25,1000,85,2.2,西,290,2.88,1
2017-7-24 4:30,多云,4,26,26,1000,85,2.2,南,180,3.6,1
2017-7-24 5:00,多云,4,26,26,1000,85,2.2,南,180,3.6,1
2017-7-24 5:30,阴,9,25,25,999,88,1.7,东,98,5.04,1
2017-7-24 6:00,阴,9,25,25,999,87,1.7,东,76,5.4,1
2017-7-24 6:30,多云,4,25,25,1000,85,1.7,东南,118,5.04,1
2017-7-24 7:00,多云,4,26,25,1000,83,1.7,东北,39,4.32,1
2017-7-24 7:30,多云,4,26,25,1000,83,3.3,东南,124,2.88,1
2017-7-24 8:00,多云,4,26,26,1000,82,3.3,西,250,5.04,1
2017-7-24 8:30,多云,4,27,27,1001,80,4.3,南,188,7.2,2
2017-7-24 9:00,多云,4,27,27,1001,79,4.3,南,169,3.6,1
2017-7-24 9:30,多云,4,27,27,1001,79,3.6,西,259,5.04,1
2017-7-24 10:00,多云,4,28,27,1001,75,3.6,西,248,6.84,2
2017-7-24 10:30,多云,4,28,28,1001,74,3.4,西,270,5.4,1
2017-7-24 11:00,多云,4,29,28,1001,71,3.4,北,346,10.08,2
2017-7-24 11:30,多云,4,29,28,1001,71,3.4,北,346,10.08,2
2017-7-24 12:00,多云,4,29,28,1001,71,3.4,北,346,10.08,2
2017-7-24 12:30,多云,4,27,27,1001,69,3.4,北,360,7.2,2
2017-7-24 13:00,多云,4,30,29,1002,67,10.4,北,14,7.56,2
2017-7-24 13:30,多云,4,29,29,1002,67,10.4,北,360,7.2,2
2017-7-24 14:00,多云,4,30,29,1001,68,19.1,东北,42,10.8,2
2017-7-24 14:30,多云,4,30,29,1000,69,19.7,东北,23,12.96,3
2017-7-24 15:00,多云,4,30,29,1000,69,19.7,东北,23,12.96,3
2017-7-24 15:30,多云,4,30,29,1000,69,19.7,东北,23,12.96,3
2017-7-24 16:00,阴,9,30,30,1001,65,18.4,东北,45,9,2
2017-7-24 16:30,阴,9,30,30,1001,64,25.1,东北,23,9,2
2017-7-24 17:00,阴,9,30,29,1001,68,25.1,东北,56,7.2,2
2017-7-24 17:30,阴,9,29,29,1001,68,23.2,北,17,9,2
2017-7-24 18:00,阴,9,29,28,1002,68,23.2,东,79,5.76,2
2017-7-24 18:30,阴,9,29,28,1002,69,27.5,东北,23,8.28,2
2017-7-24 19:00,多云,4,28,28,1002,71,27.5,北,17,7.56,2
2017-7-24 19:30,阴,9,28,28,1002,72,23.4,东,73,12.24,3
2017-7-24 20:00,阴,9,28,28,1002,73,23.4,北,354,6.12,2
2017-7-24 20:30,阴,9,28,28,1003,74,21.7,东北,45,5.4,1
2017-7-24 21:00,阴,9,28,27,1003,75,21.7,东南,113,1.08,1
2017-7-24 21:30,阴,9,28,27,1004,76,16.8,北,20,9,2
2017-7-24 22:00,阴,9,27,27,1004,75,16.8,东北,39,7.2,2
2017-7-24 22:30,阴,9,27,27,1004,75,16.8,东北,53,7.92,2
2017-7-24 23:00,阴,9,27,27,1004,75,16.8,东北,53,7.92,2
2017-7-24 23:30,阴,9,27,27,1004,75,16.8,东北,53,7.92,2
2017-7-25 0:00,阴,9,28,28,1003,79,16.8,东北,45,10.8,2
2017-7-25 0:30,阴,9,27,26,1003,78,20.8,东,76,4.32,1
2017-7-25 1:00,阴,9,27,26,1003,77,20.8,东北,62,5.76,2
2017-7-25 1:30,阴,9,26,26,1003,77,22.7,东北,53,4.32,1
2017-7-25 2:00,阴,9,26,26,1003,79,22.7,东北,45,2.52,1
2017-7-25 2:30,多云,4,26,25,1004,81,22.6,东北,51,3.96,1
2017-7-25 3:00,多云,4,25,25,1004,83,22.6,东,73,3.24,1
2017-7-25 3:30,多云,4,25,25,1004,83,16.7,东北,34,5.4,1
2017-7-25 4:00,多云,4,26,25,1004,82,16.7,东,68,5.4,1
2017-7-25 4:30,多云,4,26,25,1005,81,16.8,东北,48,5.4,1
2017-7-25 5:00,多云,4,25,25,1005,79,16.8,东,70,4.32,1
2017-7-25 5:30,多云,4,25,25,1005,80,26.4,东北,48,6.12,2
2017-7-25 6:30,多云,4,26,25,1005,80,21.6,东,70,5.04,1
2017-7-25 7:00,多云,4,26,26,1005,77,21.6,东北,39,6.48,2
2017-7-25 7:30,多云,4,26,26,1005,77,20.5,东,87,5.4,1
2017-7-25 8:00,多云,4,27,27,1005,73,20.5,东,76,4.32,1
2017-7-25 8:30,多云,4,28,28,1006,72,19.6,南,188,7.56,2
2017-7-25 9:00,多云,4,28,28,1006,72,19.6,西,250,5.04,1
2017-7-25 9:30,多云,4,28,28,1006,68,15,西南,222,10.44,2
2017-7-25 10:00,多云,4,29,28,1006,69,15,西南,203,12.24,3
2017-7-25 10:30,多云,4,27,27,1006,70,15,西南,231,26.64,4
2017-7-25 11:00,多云,4,28,28,1006,70,6,西南,211,12.6,3
2017-7-25 11:30,多云,4,28,28,1006,67,7.5,西,253,10.44,2
2017-7-25 12:00,多云,4,29,29,1006,66,7.5,西,250,16.92,3
2017-7-25 12:30,多云,4,28,28,1006,67,6,西南,219,11.16,2
2017-7-25 13:00,多云,4,28,27,1006,69,6,西南,222,18.72,3
2017-7-25 13:30,多云,4,27,27,1006,69,14.7,西,248,14.04,3
2017-7-25 14:00,多云,4,28,27,1005,71,14.7,西南,214,4.68,1
2017-7-25 14:30,阴,9,28,28,1005,62,6.9,西北,304,6.12,2
2017-7-25 15:00,阴,9,29,28,1004,58,6.9,南,197,5.76,2
2017-7-25 15:30,阴,9,30,29,1004,57,8.7,西南,203,11.52,2
2017-7-25 16:00,阴,9,30,29,1004,53,8.7,南,197,12.24,3
2017-7-25 16:30,阴,9,30,29,1004,51,11.6,南,191,10.8,2
2017-7-25 17:00,阴,9,29,28,1004,54,11.6,西南,233,15.84,3
2017-7-25 17:30,阴,9,29,28,1004,54,11.6,西南,233,15.84,3
2017-7-25 18:00,阴,9,29,28,1004,56,15.5,西南,242,12.96,3
2017-7-25 18:30,多云,4,29,28,1004,59,13.6,西南,245,8.28,2
2017-7-25 19:00,多云,4,28,28,1004,58,13.6,西南,222,9,2
2017-7-25 19:30,多云,4,28,27,1004,58,12.6,西南,219,9,2
2017-7-25 20:00,多云,4,28,27,1004,57,12.6,南,200,7.2,2
2017-7-25 20:30,多云,4,28,27,1004,58,13.9,西南,239,5.04,1
2017-7-25 21:00,多云,4,28,27,1004,59,13.9,西南,214,5.4,1
2017-7-25 21:30,多云,4,27,27,1004,60,12.9,西南,245,5.04,1
2017-7-25 22:00,多云,4,27,26,1004,62,12.9,西南,231,3.6,1
2017-7-25 22:30,多云,4,27,26,1004,64,11.4,南,194,5.4,1
2017-7-25 23:00,多云,4,26,26,1004,66,11.4,西南,245,4.68,1
2017-7-25 23:30,阴,9,26,25,1004,71,8.9,西南,214,5.04,1
2017-7-26 0:00,阴,9,25,25,1004,74,8.9,西南,214,7.2,2
2017-7-26 0:30,阴,9,25,25,1004,74,7,西南,217,3.24,1
2017-7-26 1:00,阴,9,25,25,1004,74,7,南,188,6.12,2
2017-7-26 1:30,阴,9,25,25,1004,73,6.3,西南,222,5.76,2
2017-7-26 2:00,阴,9,25,25,1003,72,6.3,西南,222,7.56,2
2017-7-26 2:30,阴,9,25,25,1003,72,6.4,西南,219,3.6,1
2017-7-26 3:00,阴,9,25,25,1003,71,6.4,东南,143,3.24,1
2017-7-26 3:30,阴,9,25,24,1003,63,6.4,西南,245,6.12,2
2017-7-26 4:00,阴,9,25,24,1003,58,6.4,南,197,5.04,1
2017-7-26 4:30,阴,9,25,25,1003,61,18.6,西南,231,2.52,1
2017-7-26 5:00,阴,9,25,24,1003,64,18.6,北,999017,0,0
2017-7-26 5:30,多云,4,24,24,1003,66,10.8,北,999017,0,0
2017-7-26 6:00,多云,4,24,24,1003,66,10.8,北,999017,0.72,0
2017-7-26 6:30,多云,4,25,24,1003,66,17.7,东北,23,14.04,3
2017-7-26 7:00,多云,4,24,23,1003,78,17.7,东北,23,11.16,2
2017-7-26 7:30,多云,4,23,23,1004,77,6.4,东北,62,11.16,2
2017-7-26 8:30,阵雨,10,22,21,1004,86,5.6,北,11,10.8,2
2017-7-26 9:00,阵雨,10,22,21,1004,89,5.6,东北,42,12.96,3
2017-7-26 9:30,多云,4,22,21,1004,88,6,北,8,11.88,2
2017-7-26 10:00,阵雨,10,22,21,1004,86,6,东北,39,11.52,2
2017-7-26 10:30,多云,4,22,21,1004,85,7,东北,53,12.24,3
2017-7-26 11:00,阵雨,10,22,21,1003,86,7,东北,48,11.88,2
2017-7-26 11:30,多云,4,22,21,1003,85,7.5,东北,39,7.92,2
2017-7-26 12:00,多云,4,22,21,1003,81,7.5,东北,25,15.12,3
2017-7-26 12:30,多云,4,22,22,1003,78,10.8,东北,62,12.24,3
2017-7-26 13:00,多云,4,22,22,1003,77,10.8,东北,62,14.76,3
2017-7-26 13:30,多云,4,23,22,1003,75,16.3,东北,65,11.16,2
2017-7-26 14:00,多云,4,22,22,1002,74,16.3,北,17,11.88,2
2017-7-26 14:30,多云,4,23,22,1002,72,23,东,84,18.72,3
2017-7-26 15:00,多云,4,23,23,1002,68,23,东北,53,9,2
2017-7-26 15:30,多云,4,23,23,1002,65,29.9,东北,48,9.72,2
2017-7-26 16:00,多云,4,23,23,1002,64,29.9,东北,56,8.28,2
2017-7-26 16:30,多云,4,23,23,1002,64,34.6,东北,31,5.4,1
2017-7-26 17:00,多云,4,24,24,1002,64,34.6,东,84,5.04,1
2017-7-26 17:30,晴,0,24,24,1001,64,28.8,东,84,7.56,2
2017-7-26 18:00,晴,0,24,24,1001,64,28.8,东北,56,5.04,1
2017-7-26 18:30,晴,0,24,24,1001,64,28.8,东北,25,5.76,2
2017-7-26 19:00,阴,9,24,24,1001,60,26.9,东北,53,11.16,2
2017-7-26 19:30,阴,9,24,24,1001,64,29.1,东,90,6.12,2
2017-7-26 20:00,阴,9,24,23,1001,65,29.1,东,79,5.4,1
2017-7-26 20:30,阴,9,23,23,1001,65,24.9,东,87,5.4,1
2017-7-26 21:00,阴,9,23,23,1002,66,24.9,东,104,5.4,1
2017-7-26 21:30,阴,9,23,23,1002,67,23.8,东,79,5.4,1
2017-7-26 22:00,阴,9,23,23,1002,67,23.8,东南,113,4.68,1
2017-7-26 22:30,阴,9,23,22,1002,70,19.5,东北,62,2.88,1
2017-7-26 23:00,阴,9,22,22,1002,73,19.5,东北,48,2.52,1
2017-7-26 23:30,阴,9,22,22,1002,74,13.7,西南,245,5.76,2
2017-7-27 0:00,阴,9,22,22,1002,77,13.7,西南,225,2.88,1
2017-7-27 0:30,阴,9,22,21,1002,77,11.1,西,248,4.32,1
2017-7-27 1:00,阴,9,22,21,1002,77,11.1,西南,228,5.4,1
2017-7-27 1:30,阴,9,22,21,1002,78,11.6,西北,304,5.4,1
2017-7-27 2:00,阴,9,22,21,1002,79,11.6,西南,217,2.16,1
2017-7-27 2:30,阴,9,22,21,1002,80,9.5,西,248,2.88,1
2017-7-27 3:00,阴,9,21,21,1002,83,9.5,东,79,1.8,1
2017-7-27 3:30,阴,9,21,21,1002,83,7.8,东北,28,1.08,1
2017-7-27 4:00,阴,9,21,21,1002,84,7.8,北,999017,0,0
2017-7-27 4:30,阴,9,21,21,1002,84,8.3,西南,219,3.96,1
2017-7-27 5:00,阴,9,21,21,1003,85,8.3,西南,228,3.96,1
2017-7-27 5:30,阴,9,21,21,1003,85,7.8,西南,242,3.6,1
2017-7-27 6:30,阴,9,22,21,1003,85,8.7,北,357,2.52,1
2017-7-27 7:00,阴,9,22,21,1002,83,8.7,东北,37,5.76,2
2017-7-27 7:30,阴,9,22,22,1003,79,8.9,北,3,3.6,1
2017-7-27 8:00,阴,9,23,23,1003,78,8.9,北,3,4.68,1
2017-7-27 8:30,阴,9,24,23,1003,75,8.2,东北,48,6.84,2
2017-7-27 9:00,阴,9,24,24,1003,72,8.2,东北,56,4.68,1
2017-7-27 9:30,阴,9,25,25,1003,71,6.6,北,11,4.68,1
2017-7-27 10:00,阴,9,26,25,1003,64,6.6,北,8,9,2
2017-7-27 10:30,阴,9,26,25,1003,64,7.8,东北,62,7.56,2
2017-7-27 11:00,阴,9,26,26,1003,60,7.8,北,349,7.56,2
2017-7-27 11:30,阴,9,26,26,1003,60,7.8,东北,65,5.76,2
2017-7-27 12:00,多云,4,27,27,1003,61,7.8,西,248,6.48,2
2017-7-27 12:30,多云,4,28,27,1003,60,8.7,西,290,6.48,2
2017-7-27 13:00,多云,4,28,27,1003,60,8.7,西,290,6.48,2
2017-7-27 13:30,多云,4,29,29,1003,60,7.9,东北,39,10.08,2
2017-7-27 14:00,多云,4,30,29,1003,56,7.9,东北,31,2.88,1
2017-7-27 14:30,多云,4,30,29,1003,54,10.2,西,248,2.88,1
2017-7-27 15:00,多云,4,29,29,1003,60,10.2,西,270,8.28,2
2017-7-27 15:30,多云,4,29,29,1004,61,7.1,西,253,9.36,2
2017-7-27 16:00,多云,4,29,28,1004,64,7.1,西南,245,14.76,3
2017-7-27 16:30,多云,4,29,28,1003,66,5.5,西,273,9.72,2
2017-7-27 17:00,多云,4,28,28,1003,66,5.5,西,278,9.36,2
2017-7-27 17:30,多云,4,28,28,1003,66,6.8,西,264,9.72,2
2017-7-27 18:00,多云,4,28,27,1003,66,6.8,西,259,6.48,2
2017-7-27 18:30,多云,4,28,27,1003,67,8.4,西,290,8.28,2
2017-7-27 19:00,多云,4,27,27,1004,70,8.4,西,248,8.28,2
2017-7-27 19:30,多云,4,27,27,1004,70,9.2,西,276,5.04,1
2017-7-27 20:00,多云,4,27,26,1004,67,9.2,西,278,9.36,2
2017-7-27 20:30,多云,4,27,26,1005,69,9.2,西南,205,3.6,1
2017-7-27 21:00,多云,4,27,26,1005,71,9.2,西南,239,5.04,1
2017-7-27 21:30,多云,4,26,26,1005,72,8.8,西北,304,4.32,1
2017-7-27 22:00,多云,4,26,26,1006,75,8.8,西南,245,3.6,1
2017-7-27 22:30,多云,4,26,26,1006,75,7.7,西北,298,3.24,1
2017-7-27 23:00,多云,4,26,26,1006,75,7.7,西,284,4.68,1
2017-7-27 23:30,多云,4,26,25,1006,78,7.3,西南,205,3.6,1
2017-7-28 0:00,多云,4,25,25,1006,81,7.3,北,999017,0,0
2017-7-28 0:30,多云,4,25,25,1006,83,6.5,北,14,1.8,1
2017-7-28 1:00,多云,4,25,24,1007,85,6.5,北,999017,0,0
2017-7-28 1:30,多云,4,24,24,1007,86,5.5,北,999017,0.72,0
2017-7-28 2:00,多云,4,24,23,1007,88,5.5,东北,28,3.24,1
2017-7-28 2:30,多云,4,24,23,1007,89,5.3,北,999017,0,0
2017-7-28 3:00,多云,4,24,23,1007,88,5.3,东北,42,2.88,1
2017-7-28 3:30,多云,4,24,23,1007,89,4.6,东北,53,3.96,1
2017-7-28 4:00,多云,4,24,23,1007,90,4.6,东南,135,3.6,1
2017-7-28 4:30,多云,4,24,23,1007,90,3.6,东北,48,3.24,1
2017-7-28 5:00,多云,4,24,24,1008,88,3.6,东北,39,4.32,1
2017-7-28 5:30,多云,4,24,24,1008,88,3.7,东北,25,4.32,1
2017-7-28 6:00,多云,4,25,24,1008,86,3.7,东北,53,6.84,2
2017-7-28 6:30,多云,4,25,25,1008,83,5.7,东北,56,10.08,2
2017-7-28 7:00,多云,4,26,25,1008,75,5.7,东,68,10.44,2
2017-7-28 7:30,多云,4,26,26,1009,73,13.1,东北,45,9,2
2017-7-28 8:00,多云,4,26,26,1009,71,13.1,东北,53,6.12,2
2017-7-28 8:30,多云,4,27,26,1009,68,13.1,东北,48,8.28,2
2017-7-28 9:00,多云,4,27,26,1009,68,13.1,东北,48,8.28,2
2017-7-28 9:30,多云,4,28,27,1009,66,14.4,北,8,6.48,2
2017-7-28 10:00,多云,4,28,28,1009,63,18,东北,65,8.28,2
2017-7-28 10:30,多云,4,29,29,1010,53,18,北,3,7.92,2
2017-7-28 11:00,多云,4,29,28,1010,60,22.1,东北,31,9,2
2017-7-28 11:30,多云,4,29,28,1009,59,21.3,北,20,9,2
2017-7-28 12:00,多云,4,29,28,1009,59,21.3,北,20,7.2,2
2017-7-28 12:30,多云,4,29,29,1009,55,18.3,东,76,2.88,1
2017-7-28 13:00,多云,4,30,29,1009,53,18.3,北,8,5.04,1
2017-7-28 13:30,多云,4,30,29,1009,50,20.6,西,248,6.84,2
2017-7-28 14:00,多云,4,30,29,1009,51,20.6,东南,138,5.76,2
2017-7-28 14:30,多云,4,31,30,1009,48,25,南,197,5.4,1
2017-7-28 15:00,多云,4,31,30,1008,47,25,南,200,7.56,2
2017-7-28 15:30,多云,4,31,30,1008,46,24.6,西北,326,5.04,1
2017-7-28 16:00,多云,4,31,30,1008,52,24.6,南,183,9,2
2017-7-28 16:30,多云,4,30,29,1008,47,22.8,西南,203,6.48,2
2017-7-28 17:00,多云,4,30,29,1008,48,22.8,西南,208,6.12,2
2017-7-28 17:30,多云,4,30,29,1008,53,25,西南,217,10.8,2
2017-7-28 18:00,多云,4,30,29,1008,54,25,西南,203,11.52,2
2017-7-28 18:30,多云,4,29,29,1008,53,18.6,西南,231,6.84,2
2017-7-28 19:00,多云,4,29,28,1008,56,18.6,南,200,9,2
2017-7-28 19:30,多云,4,29,28,1008,56,19.4,西南,222,5.4,1
2017-7-28 20:00,多云,4,28,27,1008,60,19.4,西南,211,5.04,1
2017-7-28 20:30,晴,1,28,27,1008,61,15.1,西南,214,3.96,1
2017-7-28 21:00,晴,1,27,26,1008,64,15.1,南,191,5.4,1
2017-7-28 21:30,晴,1,27,26,1008,66,11.7,南,200,7.2,2
2017-7-28 22:00,晴,1,26,26,1008,68,11.7,西南,236,4.32,1
2017-7-28 22:30,多云,4,26,25,1008,69,9.6,西南,208,3.96,1
2017-7-28 23:00,多云,4,26,25,1008,72,9.6,西南,222,5.04,1
2017-7-28 23:30,多云,4,26,25,1008,72,7.2,西南,222,5.4,1
2017-7-29 0:00,多云,4,25,24,1008,78,7.2,西南,211,6.12,2
2017-7-29 0:30,多云,4,25,24,1008,80,5.8,西南,233,6.48,2
2017-7-29 1:00,多云,4,24,24,1007,82,5.8,西南,236,4.68,1
2017-7-29 1:30,多云,4,24,24,1007,84,4.6,西南,203,2.88,1
2017-7-29 2:00,多云,4,24,23,1007,86,4.6,南,158,3.24,1
2017-7-29 2:30,多云,4,24,23,1007,87,4.8,西南,217,4.68,1
2017-7-29 3:00,多云,4,24,23,1007,88,4.8,西南,239,5.4,1
2017-7-29 3:30,多云,4,23,23,1007,91,2.9,西南,214,5.76,2
2017-7-29 4:00,多云,4,23,22,1007,91,2.9,西南,214,6.48,2
2017-7-29 4:30,多云,4,23,22,1007,91,1.5,西南,214,5.4,1
2017-7-29 5:00,多云,4,22,22,1006,92,1.5,西南,219,5.04,1
2017-7-29 5:30,多云,4,22,22,1007,91,1.5,南,180,5.4,1
2017-7-29 6:30,多云,4,23,22,1007,92,1.6,西南,222,6.48,2
2017-7-29 7:00,多云,4,23,22,1007,89,1.6,西南,245,5.4,1
2017-7-29 8:00,多云,4,24,23,1007,79,2.5,西南,217,4.32,1
2017-7-29 8:30,多云,4,25,24,1007,74,9.4,西南,228,1.44,1
2017-7-29 9:00,晴,0,26,26,1007,67,9.4,西南,233,7.92,2
2017-7-29 9:30,多云,4,26,25,1007,76,11.4,西南,214,18,3
2017-7-29 10:30,多云,4,27,26,1006,75,6.3,西南,214,16.92,3
2017-7-29 11:00,多云,4,27,27,1006,63,6.3,西南,242,27.72,4
2017-7-29 11:30,多云,4,27,26,1006,63,8.4,西南,228,23.04,4
2017-7-29 12:00,多云,4,27,26,1006,62,8.4,西,248,28.8,5
2017-7-29 12:30,多云,4,27,26,1006,62,7.8,西,259,20.16,4
2017-7-29 13:00,多云,4,29,28,1005,56,7.8,西南,225,22.32,4
2017-7-29 13:30,多云,4,28,27,1005,56,19.8,西南,225,30.24,5
2017-7-29 14:00,多云,4,27,26,1005,56,19.8,西南,225,21.24,4
2017-7-29 14:30,多云,4,28,27,1005,54,20.3,西,262,24.84,4
2017-7-29 15:00,多云,4,27,26,1005,55,20.3,西南,236,22.32,4
2017-7-29 15:30,多云,4,28,27,1004,59,26.1,西,248,16.56,3
2017-7-29 16:00,多云,4,29,28,1004,55,26.1,西南,214,24.48,4
2017-7-29 16:30,多云,4,28,27,1004,55,25.8,西南,203,23.4,4
2017-7-29 17:00,多云,4,28,27,1003,57,25.8,西南,219,17.64,3
2017-7-29 17:30,多云,4,28,28,1003,56,30.7,南,191,15.48,3
2017-7-29 18:00,多云,4,28,27,1003,56,30.7,西南,222,11.52,2
2017-7-29 18:30,多云,4,27,27,1002,58,29.1,西南,217,20.52,4
2017-7-29 19:00,多云,4,27,26,1003,59,29.1,西南,203,12.6,3
2017-7-29 19:30,多云,4,26,26,1003,61,29.8,西南,217,14.04,3
2017-7-29 20:00,多云,4,26,25,1003,61,29.8,西南,211,13.32,3
2017-7-29 20:30,晴,1,25,25,1003,65,29.9,西南,245,18,3
2017-7-29 21:00,晴,1,24,24,1003,68,29.9,西南,211,11.52,2
2017-7-29 21:30,晴,1,24,24,1003,69,21.9,西南,228,7.2,2
2017-7-29 22:00,晴,1,24,23,1003,70,21.9,西南,228,9.72,2
2017-7-29 22:30,晴,1,23,23,1003,71,20.1,西南,208,7.56,2
2017-7-29 23:00,晴,1,23,23,1003,73,20.1,西南,211,7.2,2
2017-7-29 23:30,晴,1,23,22,1003,73,15.6,西南,214,10.08,2
2017-7-30 0:00,晴,1,22,22,1002,76,15.6,西南,203,6.12,2
2017-7-30 0:30,晴,1,22,21,1002,78,12.5,西南,203,5.04,1
2017-7-30 1:00,晴,1,22,21,1002,80,12.5,西南,208,3.24,1
2017-7-30 1:30,晴,1,21,21,1002,81,11.3,西南,211,2.88,1
2017-7-30 2:00,晴,1,21,20,1002,83,11.3,南,200,5.04,1
2017-7-30 2:30,晴,1,21,20,1002,84,9.2,南,188,5.04,1
2017-7-30 3:00,晴,1,20,20,1002,86,9.2,西南,211,5.4,1
2017-7-30 3:30,晴,1,20,19,1002,87,7.8,西南,211,5.4,1
2017-7-30 4:00,晴,1,20,19,1002,88,7.8,南,183,5.4,1
2017-7-30 4:30,晴,1,20,19,1002,88,7.3,南,177,5.04,1
2017-7-30 5:00,晴,1,20,19,1002,89,7.3,南,183,3.96,1
2017-7-30 5:30,晴,1,20,19,1002,88,6.1,西南,231,4.32,1
2017-7-30 6:30,晴,0,21,20,1002,88,5.1,西,250,5.04,1
2017-7-30 7:00,晴,0,21,21,1002,84,5.1,西,256,6.48,2
2017-7-30 7:30,晴,0,22,22,1002,80,5.1,西,273,5.76,2
2017-7-30 8:00,晴,0,24,24,1002,73,5.1,东,87,3.24,1
2017-7-30 8:30,晴,0,25,25,1002,67,5.9,南,188,5.04,1
2017-7-30 9:00,晴,0,25,24,1002,66,5.9,西南,231,8.28,2
2017-7-30 9:30,晴,0,26,25,1002,66,8.6,西南,214,12.96,3
2017-7-30 10:00,晴,0,26,26,1002,61,8.6,南,200,10.08,2
2017-7-30 10:30,晴,0,27,27,1002,57,10.9,西南,225,12.96,3
2017-7-30 11:00,晴,0,28,27,1002,54,10.9,西,259,11.16,2
2017-7-30 11:30,晴,0,28,27,1002,50,12.4,南,200,15.84,3
2017-7-30 12:00,晴,0,29,28,1001,49,12.4,南,197,15.84,3
2017-7-30 12:30,晴,0,29,28,1001,52,12.5,南,188,11.52,2
2017-7-30 13:00,晴,0,29,29,1001,52,12.5,南,188,12.6,3
2017-7-30 13:30,晴,0,29,28,1001,50,14.6,西南,214,16.92,3
2017-7-30 14:00,晴,0,30,29,1001,49,14.6,西南,239,16.92,3
2017-7-30 14:30,晴,0,30,29,1000,47,15.3,南,177,12.24,3
2017-7-30 15:00,晴,0,30,29,1000,47,15.3,西南,203,9.72,2
2017-7-30 15:30,晴,0,30,29,1000,50,19.9,西南,236,10.44,2
2017-7-30 16:00,晴,0,30,29,1000,48,19.9,南,197,14.04,3
2017-7-30 16:30,晴,0,30,29,1000,49,20.8,西南,236,13.32,3
2017-7-30 17:00,晴,0,30,29,1000,49,20.8,东南,121,14.04,3
2017-7-30 17:30,多云,4,30,29,1000,51,16.5,西南,228,10.44,2
2017-7-30 18:00,多云,4,30,29,1000,53,16.5,西南,242,14.4,3
2017-7-30 18:30,晴,0,29,28,1000,54,19.8,西南,205,15.12,3
2017-7-30 19:00,晴,0,29,28,1000,56,19.8,西南,208,8.28,2
2017-7-30 19:30,晴,0,28,28,1000,57,22,西南,203,13.68,3
2017-7-30 20:00,晴,1,28,27,1000,60,22,南,169,11.16,2
2017-7-30 20:30,晴,1,28,27,1001,62,18.4,西南,205,9,2
2017-7-30 21:00,晴,1,27,26,1001,64,18.4,西南,208,6.48,2
2017-7-30 21:30,晴,1,27,26,1002,65,11.6,南,200,7.56,2
2017-7-30 22:00,晴,1,26,26,1002,68,11.6,西南,225,4.68,1
2017-7-30 22:30,晴,1,26,25,1002,70,9.4,南,200,5.76,2
2017-7-30 23:00,晴,1,26,25,1002,71,9.4,南,188,7.2,2
2017-7-30 23:30,晴,1,25,25,1002,74,7,南,180,4.68,1
2017-7-31 0:00,晴,1,25,24,1002,76,7,西南,222,5.04,1
2017-7-31 0:30,晴,1,25,24,1002,77,5.3,西南,236,5.04,1
2017-7-31 1:00,晴,1,24,24,1002,79,5.3,西南,231,7.56,2
2017-7-31 1:30,晴,1,24,24,1002,80,4,南,200,6.12,2
2017-7-31 2:00,晴,1,24,23,1002,81,4,南,194,7.56,2
2017-7-31 2:30,晴,1,24,23,1002,82,3,南,180,8.64,2
2017-7-31 3:00,晴,1,23,23,1002,84,3,西南,222,6.12,2
2017-7-31 3:30,晴,1,23,23,1002,84,3,西南,222,6.12,2
2017-7-31 4:00,晴,1,23,22,1002,89,1.9,西南,222,3.96,1
2017-7-31 4:30,晴,1,23,22,1002,89,1.5,西,256,2.88,1
2017-7-31 5:00,晴,1,22,22,1002,90,1.5,西南,222,2.88,1
2017-7-31 5:30,晴,1,22,22,1002,90,1.4,东,87,2.52,1
2017-7-31 6:00,晴,0,22,22,1003,90,1.4,东南,141,3.6,1
2017-7-31 6:30,晴,0,23,22,1003,88,1.3,东南,124,2.52,1
2017-7-31 7:00,晴,0,24,24,1003,85,1.3,南,188,6.48,2
2017-7-31 7:30,晴,0,24,24,1003,83,1.6,南,158,3.96,1
2017-7-31 8:00,晴,0,25,25,1003,80,1.6,西,287,2.16,1
2017-7-31 8:30,晴,0,26,25,1003,76,1.6,东北,65,5.04,1
2017-7-31 9:00,晴,0,27,26,1003,73,1.6,东北,45,5.76,2
2017-7-31 9:30,晴,0,27,27,1003,68,2.2,西南,222,5.04,1
2017-7-31 10:00,晴,0,28,27,1003,65,2.2,西南,231,9,2
2017-7-31 10:30,晴,0,28,27,1003,64,3.4,西,267,6.48,2
2017-7-31 11:00,晴,0,29,29,1003,60,3.4,东,110,9,2
2017-7-31 11:30,晴,0,30,29,1002,56,3.6,东北,56,5.04,1
2017-7-31 12:00,晴,0,30,29,1002,54,3.6,西,290,7.2,2
2017-7-31 12:30,晴,0,30,30,1002,53,4.5,西南,233,8.64,2
2017-7-31 13:00,晴,0,31,30,1002,56,4.5,南,188,8.28,2
2017-7-31 13:30,晴,0,31,30,1002,54,4.8,南,180,11.52,2
2017-7-31 14:00,晴,0,31,30,1002,55,4.8,西南,208,9.36,2
2017-7-31 14:30,晴,0,31,31,1001,51,4.9,东,107,5.04,1
2017-7-31 15:00,晴,0,32,31,1001,51,4.9,北,3,5.4,1
2017-7-31 15:30,晴,0,32,31,1002,51,5.5,西南,242,15.12,3
2017-7-31 16:00,晴,0,32,32,1001,50,5.5,西,256,12.96,3
2017-7-31 16:30,晴,0,32,31,1002,49,6.6,南,166,9,2
2017-7-31 17:00,晴,0,32,31,1002,53,6.6,南,177,10.8,2
2017-7-31 17:30,晴,0,31,31,1002,57,4.7,南,197,13.68,3
2017-7-31 18:00,晴,0,31,30,1002,59,4.7,西南,205,13.68,3
2017-7-31 18:30,晴,0,31,30,1002,59,4.8,西南,205,12.24,3
2017-7-31 19:00,晴,0,30,29,1002,60,4.8,西南,217,7.92,2
2017-7-31 19:30,晴,0,30,29,1002,61,5.1,西南,219,5.76,2
2017-7-31 20:00,晴,1,29,29,1003,62,5.1,西,256,5.4,1
2017-7-31 20:30,晴,1,29,29,1003,62,5.7,西南,225,5.4,1
2017-7-31 21:00,晴,1,29,28,1003,62,5.7,南,188,4.68,1
2017-7-31 21:30,晴,1,29,28,1003,67,6,东南,127,8.28,2
2017-7-31 22:00,晴,1,28,28,1004,69,6,南,160,6.84,2
2017-7-31 22:30,晴,1,28,28,1004,71,5.9,东南,113,6.48,2
2017-7-31 23:00,晴,1,28,27,1004,71,5.9,东,107,4.68,1
2017-7-31 23:30,晴,1,27,27,1004,72,6.3,西南,231,5.4,1
2017-8-1 0:00,晴,1,27,27,1004,73,6.3,南,180,4.32,1
2017-8-1 0:30,晴,1,27,26,1004,74,5.8,东南,152,4.68,1
2017-8-1 1:00,晴,1,27,26,1004,76,5.8,南,172,3.96,1
2017-8-1 1:30,晴,1,27,26,1004,76,5.2,南,191,5.04,1
2017-8-1 2:00,晴,1,26,26,1004,78,5.2,西南,217,3.6,1
2017-8-1 2:30,晴,1,26,26,1004,79,4.4,南,158,4.68,1
2017-8-1 3:00,晴,1,26,26,1004,80,4.4,南,163,3.96,1
2017-8-1 3:30,多云,4,26,26,1004,81,3.6,东南,127,4.68,1
2017-8-1 4:00,多云,4,26,26,1004,82,3.6,西,250,4.32,1
2017-8-1 4:30,多云,4,26,26,1004,83,2.9,西南,228,3.24,1
2017-8-1 5:00,多云,4,26,25,1004,85,2.9,东,79,5.76,2
2017-8-1 5:30,多云,4,26,25,1004,86,2.4,东,87,7.2,2
2017-8-1 6:30,多云,4,26,25,1004,88,2.4,东,68,6.12,2
2017-8-1 7:00,多云,4,26,26,1004,86,2.4,东,79,6.48,2
2017-8-1 7:30,多云,4,26,26,1004,86,2.4,东,107,6.84,2
2017-8-1 8:00,多云,4,27,27,1004,81,2.4,东,76,9.36,2
2017-8-1 8:30,多云,4,28,27,1005,80,2.6,东南,113,6.84,2
2017-8-1 9:00,多云,4,28,28,1004,76,2.6,东北,42,8.64,2
2017-8-1 9:30,阴,9,28,28,1004,76,2.8,东,70,3.96,1
2017-8-1 10:00,阴,9,29,28,1004,73,2.8,东,98,7.92,2
2017-8-1 10:30,阴,9,29,29,1004,73,3.4,东北,53,11.52,2
2017-8-1 11:00,阴,9,30,29,1004,70,3.4,东北,59,8.64,2
2017-8-1 12:00,多云,4,30,30,1004,68,4.7,西南,233,3.24,1
2017-8-1 12:30,多云,4,31,30,1003,64,6.2,西南,205,7.56,2
2017-8-1 13:00,多云,4,31,30,1003,64,6.2,南,191,11.88,2
2017-8-1 13:30,多云,4,31,31,1003,63,7.8,南,180,15.48,3
2017-8-1 14:00,多云,4,32,31,1003,62,7.8,南,174,13.68,3
2017-8-1 14:30,多云,4,31,31,1003,62,9.5,东南,129,3.96,1
2017-8-1 15:00,多云,4,32,31,1002,60,9.5,南,188,13.32,3
2017-8-1 15:30,多云,4,32,32,1002,57,10.7,南,172,9,2
2017-8-1 16:00,多云,4,32,32,1002,58,10.7,东,98,9.72,2
2017-8-1 16:30,多云,4,32,32,1002,56,11.8,南,188,6.12,2
2017-8-1 17:00,多云,4,32,32,1001,56,11.8,东南,146,10.8,2
2017-8-1 17:30,多云,4,31,31,1001,64,13.4,东南,124,12.96,3
2017-8-1 18:00,多云,4,31,31,1001,65,13.4,东南,115,14.4,3
2017-8-1 18:30,多云,4,31,30,1001,63,10.8,东,107,15.84,3
2017-8-1 19:00,多云,4,31,30,1002,65,10.8,东南,152,10.08,2
2017-8-1 19:30,多云,4,30,30,1002,67,10.8,东南,132,10.44,2
2017-8-1 20:00,多云,4,30,30,1002,69,10.8,东南,141,9.72,2
2017-8-1 20:30,阴,9,30,30,1002,70,11.2,南,158,6.84,2
2017-8-1 21:00,阴,9,29,29,1003,71,11.2,东南,132,11.52,2
2017-8-1 21:30,多云,4,29,29,1003,70,10,东南,129,9.36,2
2017-8-1 22:00,多云,4,29,28,1002,72,10,东,87,5.4,1
2017-8-1 22:30,阴,9,28,28,1003,73,9.3,东南,121,6.48,2
2017-8-1 23:00,阴,9,28,28,1002,75,9.3,东南,124,12.96,3
2017-8-1 23:30,多云,4,28,28,1003,75,8.6,东南,135,7.2,2
2017-8-2 0:00,多云,4,28,27,1002,74,8.6,东南,141,4.68,1
2017-8-2 0:30,多云,4,28,27,1002,73,11.7,东,101,3.24,1
2017-8-2 1:00,多云,4,27,27,1002,77,11.7,南,160,9.72,2
2017-8-2 1:30,多云,4,27,27,1002,79,15,东南,143,7.92,2
2017-8-2 2:00,多云,4,27,26,1001,82,15,东,98,10.44,2
2017-8-2 2:30,多云,4,26,26,1001,84,9.7,东南,115,6.48,2
2017-8-2 3:00,多云,4,26,26,1001,86,9.7,东,82,6.84,2
2017-8-2 3:30,多云,4,26,26,1001,86,6.8,东北,65,7.56,2
2017-8-2 4:00,多云,4,26,26,1001,87,6.8,东北,59,5.04,1
2017-8-2 4:30,多云,4,26,26,1001,87,6.4,东北,23,5.4,1
2017-8-2 5:00,多云,4,26,26,1001,87,6.4,东,73,6.84,2
2017-8-2 5:30,多云,4,26,26,1001,87,6.2,东北,62,6.12,2
2017-8-2 6:30,多云,4,26,26,1001,87,6,东,70,7.56,2
2017-8-2 7:00,多云,4,26,26,1001,86,6,东,79,9.36,2
2017-8-2 7:30,多云,4,26,26,1001,85,4.9,东,87,10.8,2
2017-8-2 8:00,多云,4,27,27,1001,85,4.9,东,93,7.2,2
2017-8-2 8:30,阴,9,27,27,1001,85,3.8,东,76,11.16,2
2017-8-2 9:00,阴,9,26,26,1001,88,3.8,东,68,9,2
2017-8-2 9:30,小雨,13,26,26,1001,91,2.5,东,104,3.96,1
2017-8-2 10:00,小雨,13,26,26,1001,89,2.5,东,68,10.44,2
2017-8-2 10:30,多云,4,27,27,1001,87,3.3,东,79,11.16,2
2017-8-2 11:00,多云,4,27,27,1000,85,3.3,东,84,16.2,3
2017-8-2 11:30,多云,4,28,28,1000,81,4.1,东北,53,12.24,3
2017-8-2 12:00,多云,4,29,29,1000,77,4.1,东北,62,11.52,2
2017-8-2 12:30,阴,9,30,30,999,70,8,东,76,11.88,2
2017-8-2 13:00,阴,9,31,30,998,70,8,东北,48,11.52,2
2017-8-2 13:30,多云,4,31,30,998,68,16.5,东,87,8.28,2
2017-8-2 14:00,多云,4,31,31,998,67,16.5,东,70,11.52,2
2017-8-2 14:30,多云,4,31,30,997,69,10.4,东,82,15.84,3
2017-8-2 15:00,多云,4,30,30,997,72,10.4,东,70,12.96,3
2017-8-2 15:30,多云,4,30,30,997,73,7.3,东南,121,12.24,3
2017-8-2 16:00,阵雨,10,30,30,997,75,7.3,东,84,12.24,3
2017-8-2 16:30,多云,4,30,30,996,74,7.5,东南,113,9,2
2017-8-2 17:00,多云,4,31,30,996,69,7.5,东,93,8.64,2
2017-8-2 17:30,多云,4,31,30,996,68,16.7,东,82,9.72,2
2017-8-2 18:00,多云,4,30,30,995,71,16.7,东,68,11.52,2
2017-8-2 18:30,多云,4,30,30,996,74,19,北,14,8.64,2
2017-8-2 19:00,多云,4,30,30,996,76,19,东,90,11.88,2
2017-8-2 19:30,多云,4,30,29,996,77,13,东北,53,12.24,3
2017-8-2 20:00,多云,4,30,29,996,78,13,东北,48,9.36,2
2017-8-2 20:30,多云,4,29,29,996,79,8.9,东,93,4.68,1
2017-8-2 21:00,多云,4,28,28,996,86,8.9,北,340,7.92,2
2017-8-2 21:30,多云,4,27,28,996,89,4.8,西北,323,11.16,2
2017-8-2 22:00,中雨,14,26,26,995,90,4.8,西北,293,9.72,2
2017-8-2 22:30,中雨,14,26,26,995,93,4.5,北,338,9.72,2
2017-8-2 23:30,中雨,14,25,25,995,94,0.8,东南,146,6.48,2
2017-8-3 0:30,小雨,13,25,24,995,96,1.3,东,73,6.48,2
2017-8-3 1:00,小雨,13,25,24,994,96,1.3,西北,318,5.04,1
2017-8-3 1:30,多云,4,25,24,993,96,12.6,东北,56,5.04,1
2017-8-3 2:00,多云,4,25,24,993,96,12.6,北,20,7.56,2
2017-8-3 2:30,多云,4,25,24,993,96,10.3,东北,25,7.56,2
2017-8-3 3:00,多云,4,25,24,992,94,10.3,东北,23,14.76,3
2017-8-3 3:30,多云,4,25,24,992,94,10.9,东北,31,9,2
2017-8-3 4:00,多云,4,25,24,992,94,10.9,东北,34,11.16,2
2017-8-3 4:30,多云,4,25,24,991,93,33.8,东北,31,11.16,2
2017-8-3 5:00,多云,4,25,24,991,92,33.8,北,338,9,2
2017-8-3 5:30,多云,4,25,24,991,91,30.6,北,349,8.64,2
2017-8-3 6:00,多云,4,25,25,991,90,30.6,北,14,5.04,1
2017-8-3 6:30,多云,4,25,25,991,89,35,东北,42,2.88,1
2017-8-3 7:00,多云,4,27,26,991,81,35,北,352,6.84,2
2017-8-3 7:30,晴,0,27,27,991,77,29.3,西北,321,8.28,2
2017-8-3 8:00,晴,0,28,28,992,73,29.3,西北,315,6.12,2
2017-8-3 8:30,晴,0,29,29,992,68,18.8,西北,332,10.44,2
2017-8-3 9:00,晴,0,30,29,992,65,18.8,西北,318,11.16,2
2017-8-3 9:30,晴,0,30,30,992,62,17.9,西北,304,15.12,3
2017-8-3 10:00,晴,0,31,31,992,64,17.9,西北,293,10.8,2
2017-8-3 10:30,晴,0,31,31,992,63,17.3,西,270,10.44,2
2017-8-3 11:00,晴,0,32,31,992,60,17.3,西南,236,12.24,3
2017-8-3 11:30,晴,0,33,32,992,58,16.5,西,259,14.76,3
2017-8-3 12:00,晴,0,33,33,991,55,16.5,西,278,17.28,3
2017-8-3 12:30,晴,0,34,33,991,54,16.8,西北,326,9,2
2017-8-3 13:00,晴,0,34,33,991,54,16.8,西南,222,14.4,3
2017-8-3 13:30,晴,0,34,34,991,54,17,西,276,13.68,3
2017-8-3 14:00,晴,0,35,34,991,52,17,西,248,13.68,3
2017-8-3 14:30,晴,0,35,34,991,50,17.5,西,270,17.28,3
2017-8-3 15:00,晴,0,35,34,991,50,17.5,西,256,21.6,4
2017-8-3 15:30,晴,0,35,34,991,53,21.2,西,248,21.96,4
2017-8-3 16:00,晴,0,35,35,990,51,21.2,西南,222,19.44,3
2017-8-3 16:30,晴,0,35,35,991,52,22.4,西南,208,14.4,3
2017-8-3 17:00,晴,0,35,35,991,51,22.4,西南,236,18.36,3
2017-8-3 17:30,晴,0,35,34,991,55,20.2,西南,236,17.28,3
2017-8-3 18:00,晴,0,34,34,991,54,20.2,西南,231,18.72,3
2017-8-3 18:30,晴,0,34,34,991,57,14.5,西南,228,15.12,3
2017-8-3 19:00,晴,0,34,33,991,61,14.5,西南,211,10.44,2
2017-8-3 19:30,晴,0,32,32,992,66,10.2,西南,208,15.12,3
2017-8-3 20:00,晴,1,32,32,992,70,10.2,西南,205,12.96,3
2017-8-3 20:30,晴,1,31,31,993,73,8.3,西南,214,11.88,2
2017-8-3 21:00,晴,1,31,31,993,73,8.3,西南,228,11.52,2
2017-8-3 21:30,晴,1,30,30,993,76,8.1,西南,217,8.28,2
2017-8-3 22:00,晴,1,30,30,994,76,8.1,西南,233,11.88,2
2017-8-3 22:30,晴,1,30,30,994,78,8.1,西南,242,10.08,2
2017-8-3 23:00,晴,1,30,30,994,78,8.1,西,267,7.2,2
2017-8-3 23:30,晴,1,30,30,994,78,7.7,西南,219,9,2
2017-8-4 0:30,晴,1,29,29,995,80,6.5,西,248,6.12,2
2017-8-4 1:00,晴,1,29,29,995,82,6.5,南,191,6.48,2
2017-8-4 1:30,晴,1,28,28,995,84,5.5,南,200,1.8,1
2017-8-4 2:00,晴,1,28,28,995,87,5.5,西,264,3.96,1
2017-8-4 2:30,晴,1,28,28,995,88,4.6,东,87,5.76,2
2017-8-4 3:00,晴,1,27,28,995,88,4.6,西南,203,2.52,1
2017-8-4 3:30,晴,1,27,27,995,89,4.1,西南,214,3.24,1
2017-8-4 4:00,晴,1,27,27,995,90,4.1,东北,65,4.32,1
2017-8-4 4:30,晴,1,27,27,995,91,3.2,东北,59,3.6,1
2017-8-4 5:00,晴,1,26,27,996,92,3.2,东北,37,3.24,1
2017-8-4 5:30,晴,1,26,26,996,92,3.1,东北,62,5.4,1
2017-8-4 6:30,晴,0,27,27,996,91,3.7,东北,23,6.48,2
2017-8-4 7:00,晴,0,27,27,996,91,3.7,东,68,6.12,2
2017-8-4 7:30,晴,0,28,28,997,89,2.3,东,70,6.48,2
2017-8-4 8:00,晴,0,28,28,997,85,2.3,东北,62,10.08,2
2017-8-4 8:30,晴,0,29,29,997,80,1.8,东北,42,9.36,2
2017-8-4 9:00,晴,0,30,29,998,76,1.8,东北,45,12.96,3
2017-8-4 9:30,晴,0,30,30,998,73,3,东北,51,11.88,2
2017-8-4 10:00,晴,0,31,31,998,67,3,北,0,5.76,2
2017-8-4 10:30,晴,0,32,32,998,60,4.5,东,68,6.48,2
2017-8-4 11:00,晴,0,33,32,998,55,4.5,西北,301,1.44,1
2017-8-4 11:30,晴,0,34,33,997,51,8.4,东,79,10.44,2
2017-8-4 12:00,晴,0,34,33,997,47,8.4,东,70,6.48,2
2017-8-4 12:30,晴,0,35,34,997,41,14.6,东北,56,11.88,2
2017-8-4 13:00,晴,0,36,35,997,39,14.6,东南,115,8.28,2
2017-8-4 13:30,晴,0,36,35,997,37,25.1,东南,132,3.6,1
2017-8-4 14:00,晴,0,37,36,997,31,25.1,北,0,3.96,1
2017-8-4 14:30,晴,0,37,36,997,33,34.6,东北,53,11.52,2
2017-8-4 15:00,晴,0,37,36,996,31,34.6,东南,115,10.44,2
2017-8-4 15:30,晴,0,38,37,996,32,34.9,东,101,10.8,2
2017-8-4 16:00,晴,0,38,37,996,35,34.9,南,158,8.28,2
2017-8-4 16:30,晴,0,37,36,996,33,34.2,西南,205,8.64,2
2017-8-4 17:00,晴,0,36,35,996,34,34.2,西北,307,23.76,4
2017-8-4 17:30,晴,0,35,34,997,34,25.9,西北,318,12.24,3
2017-8-4 18:00,晴,0,35,34,997,35,25.9,西,290,9,2
2017-8-4 18:30,晴,0,35,34,996,35,31.2,东北,42,7.2,2
2017-8-4 19:00,晴,0,34,33,997,35,31.2,东北,25,4.68,1
2017-8-4 19:30,晴,0,34,33,997,41,29.7,北,338,3.24,1
2017-8-4 20:00,晴,1,32,31,997,51,29.7,东,79,2.52,1
2017-8-4 20:30,多云,4,31,30,997,53,20.8,西北,315,2.52,1
2017-8-4 21:00,多云,4,31,30,997,47,20.8,西北,326,3.96,1
2017-8-4 21:30,多云,4,30,30,998,49,15.9,北,343,4.32,1
2017-8-4 22:00,多云,4,32,31,998,40,15.9,西,248,2.52,1
2017-8-4 22:30,多云,4,31,30,998,42,25.8,北,338,5.4,1
2017-8-4 23:00,多云,4,31,30,998,46,25.8,西北,323,3.24,1
2017-8-4 23:30,多云,4,29,29,998,53,24,东,87,3.6,1
2017-8-5 0:00,多云,4,29,28,998,53,24,东,76,2.88,1
2017-8-5 0:30,多云,4,28,27,998,57,21.8,东,84,4.32,1
2017-8-5 1:00,多云,4,28,27,998,58,21.8,东,73,5.4,1
2017-8-5 1:30,多云,4,28,27,998,61,16.6,东,87,2.52,1
2017-8-5 2:00,多云,4,27,26,998,62,16.6,东北,45,4.32,1
2017-8-5 2:30,多云,4,27,26,998,63,22.9,东南,121,2.16,1
2017-8-5 3:00,多云,4,26,26,998,69,22.9,西北,312,2.16,1
2017-8-5 3:30,多云,4,26,25,998,67,22.5,东北,28,4.32,1
2017-8-5 4:00,多云,4,27,26,998,62,22.5,东北,65,7.92,2
2017-8-5 4:30,多云,4,27,26,998,62,21.8,东北,37,6.12,2
2017-8-5 5:00,多云,4,26,26,998,65,21.8,东北,65,6.12,2
2017-8-5 5:30,多云,4,27,26,998,61,16.3,东北,39,9,2
2017-8-5 6:30,多云,4,27,26,998,79,12.4,东北,53,4.68,1
2017-8-5 7:00,多云,4,27,27,998,85,12.4,东北,45,7.92,2
2017-8-5 7:30,多云,4,27,27,998,82,2.2,北,340,7.56,2
2017-8-5 8:00,多云,4,28,28,998,74,2.2,北,8,7.92,2
2017-8-5 8:30,晴,0,29,28,999,73,4,东北,53,9.72,2
2017-8-5 9:00,晴,0,29,29,999,69,4,东,84,10.08,2
2017-8-5 9:30,多云,4,30,29,999,67,4.1,东,87,9.36,2
2017-8-5 10:00,多云,4,30,29,999,67,4.1,东,84,9.36,2
2017-8-5 10:30,雷阵雨,11,25,25,1000,77,5.3,西南,242,23.04,4
2017-8-5 11:00,雷阵雨,11,25,24,998,87,5.3,东南,113,4.32,1
2017-8-5 11:30,多云,4,26,26,998,77,14,东,79,5.04,1
2017-8-5 12:00,多云,4,28,28,998,72,14,东,110,9,2
2017-8-5 12:30,多云,4,30,29,998,65,12.9,东北,51,1.8,1
2017-8-5 13:00,多云,4,31,31,997,60,12.9,东南,141,6.84,2
2017-8-5 13:30,多云,4,32,31,997,53,9.7,东北,34,6.12,2
2017-8-5 14:00,多云,4,32,32,997,50,9.7,东北,62,5.04,1
2017-8-5 14:30,多云,4,33,32,997,48,17.3,南,197,13.68,3
2017-8-5 15:00,多云,4,33,32,996,53,17.3,西,248,15.48,3
2017-8-5 15:30,多云,4,33,32,996,49,21.7,南,166,14.04,3
2017-8-5 16:00,多云,4,33,32,997,52,21.7,南,172,14.04,3
2017-8-5 16:30,多云,4,33,32,996,53,23.6,南,200,9.36,2
2017-8-5 17:00,多云,4,33,32,996,55,23.6,南,191,9.72,2
2017-8-5 17:30,多云,4,32,32,996,61,25.3,南,160,16.56,3
2017-8-5 18:00,多云,4,31,31,996,67,25.3,南,166,14.4,3
2017-8-5 18:30,多云,4,31,30,996,66,12.7,南,191,15.84,3
2017-8-5 19:00,多云,4,30,30,997,68,12.7,东南,155,8.64,2
2017-8-5 19:30,多云,4,30,29,997,70,10.3,西南,211,9.36,2
2017-8-5 20:00,多云,4,29,29,997,75,10.3,南,174,7.2,2
2017-8-5 20:30,晴,1,29,29,998,77,7.5,南,163,9.36,2
2017-8-5 21:00,晴,1,29,29,998,79,7.5,南,186,11.16,2
2017-8-5 21:30,多云,4,29,28,998,80,5.9,南,188,8.64,2
2017-8-5 22:00,多云,4,28,28,998,81,5.9,东南,138,14.04,3
2017-8-5 22:30,多云,4,28,28,998,79,5,西南,245,7.2,2
2017-8-5 23:00,多云,4,27,27,997,81,5,南,197,14.4,3
2017-8-5 23:30,多云,4,27,26,997,72,6.3,西,270,26.64,4
2017-8-6 0:00,多云,4,26,25,997,65,6.3,西,267,15.84,3
2017-8-6 0:30,多云,4,26,25,997,63,35,西,290,9,2
2017-8-6 1:00,多云,4,26,25,997,65,35,北,999017,0,0
2017-8-6 1:30,多云,4,25,25,997,78,34.5,东,90,6.12,2
2017-8-6 2:00,多云,4,25,24,997,85,34.5,东,90,5.4,1
2017-8-6 2:30,多云,4,24,24,997,85,6.2,东,73,5.4,1
2017-8-6 3:00,多云,4,24,24,997,85,6.2,东北,39,3.96,1
2017-8-6 3:30,多云,4,24,24,997,86,4.9,东,87,3.24,1
2017-8-6 4:00,多云,4,24,23,997,87,4.9,东北,65,2.52,1
2017-8-6 4:30,多云,4,24,23,997,87,4.5,东北,28,5.04,1
2017-8-6 5:00,多云,4,24,23,997,88,4.5,东北,59,3.6,1
2017-8-6 5:30,多云,4,24,23,997,88,4.1,东北,45,3.96,1
2017-8-6 6:00,多云,4,24,23,997,87,4.1,东北,42,5.76,2
2017-8-6 6:30,多云,4,24,24,997,85,4.5,东,87,3.96,1
2017-8-6 7:00,多云,4,25,25,998,79,4.5,东北,53,9,2
2017-8-6 7:30,多云,4,26,25,997,78,5.3,东北,51,6.12,2
2017-8-6 8:00,多云,4,27,26,998,73,5.3,东,84,4.68,1
2017-8-6 8:30,阴,9,27,27,998,74,5.9,西,287,1.44,1
2017-8-6 9:00,阴,9,28,27,998,71,5.9,西,281,3.96,1
2017-8-6 9:30,多云,4,29,28,998,65,5.8,西南,233,5.76,2
2017-8-6 10:00,多云,4,30,29,997,65,5.8,西南,245,7.56,2
2017-8-6 10:30,多云,4,30,29,997,62,7.3,西,248,8.64,2
2017-8-6 11:00,多云,4,32,31,997,51,7.3,东,104,4.68,1
2017-8-6 11:30,晴,0,32,31,997,46,13.4,西南,245,8.28,2
2017-8-6 12:00,晴,0,35,33,996,31,13.4,西北,335,14.4,3
2017-8-6 12:30,多云,4,35,34,996,31,32.1,西,270,18.36,3
2017-8-6 13:00,多云,4,35,34,996,29,32.1,西北,332,16.92,3
2017-8-6 13:30,多云,4,35,34,996,28,35,西,278,16.56,3
2017-8-6 14:00,多云,4,36,34,995,29,35,西北,298,20.16,4
2017-8-6 14:30,多云,4,36,35,995,29,35,东北,56,17.28,3
2017-8-6 15:00,多云,4,36,35,995,27,35,北,352,17.28,3
2017-8-6 15:30,多云,4,36,35,994,27,35,西北,304,15.84,3
2017-8-6 16:00,多云,4,35,34,994,27,35,西北,323,18.72,3
2017-8-6 16:30,多云,4,36,34,994,29,35,北,346,19.8,4
2017-8-6 17:00,多云,4,36,35,994,33,35,西北,304,15.84,3
2017-8-6 17:30,多云,4,35,34,994,36,35,西北,323,6.12,2
2017-8-6 18:00,多云,4,36,35,994,32,35,西北,293,19.44,3
2017-8-6 18:30,多云,4,35,34,994,36,35,西北,301,13.68,3
2017-8-6 19:00,多云,4,33,33,995,48,35,西,259,7.2,2
2017-8-6 19:30,多云,4,32,32,995,52,23.7,西南,236,9,2
2017-8-6 20:00,多云,4,31,31,995,59,23.7,西南,225,8.28,2
2017-8-6 20:30,晴,1,31,30,996,61,17.8,西南,222,9.36,2
2017-8-6 21:00,晴,1,30,30,996,63,17.8,西南,228,7.56,2
2017-8-6 21:30,晴,1,30,29,996,65,15.1,西南,233,6.12,2
2017-8-6 22:00,晴,1,30,29,996,66,15.1,西,259,5.76,2
2017-8-6 22:30,晴,1,29,29,997,66,15.2,西,253,6.48,2
2017-8-6 23:00,晴,1,29,28,997,68,15.2,西,253,4.32,1
2017-8-6 23:30,晴,1,28,28,997,62,15.4,西北,298,7.56,2
2017-8-7 0:00,晴,1,28,27,997,60,15.4,西,270,5.04,1
2017-8-7 0:30,晴,1,28,27,997,55,20,西北,309,5.76,2
2017-8-7 1:00,晴,1,27,26,997,64,20,北,999017,0,0
2017-8-7 1:30,晴,1,26,25,996,66,16.1,西北,329,3.6,1
2017-8-7 2:00,晴,1,25,25,997,68,16.1,西,290,3.6,1
2017-8-7 2:30,晴,1,25,25,997,68,15.4,东南,118,2.52,1
2017-8-7 3:00,晴,1,25,25,997,67,15.4,北,352,2.88,1
2017-8-7 3:30,晴,1,25,25,997,60,22.8,东北,39,6.84,2
2017-8-7 4:00,晴,1,26,25,997,60,22.8,东北,48,3.96,1
2017-8-7 4:30,晴,1,25,24,997,55,25.7,北,0,5.04,1
2017-8-7 5:00,晴,1,27,26,997,46,25.7,西北,307,8.28,2
2017-8-7 5:30,晴,1,28,26,997,44,35,北,354,13.32,3
2017-8-7 6:00,晴,0,28,27,997,43,35,北,8,7.92,2
2017-8-7 6:30,晴,0,29,27,998,43,35,北,20,10.44,2
2017-8-7 7:00,晴,0,29,28,998,48,35,东南,113,8.28,2
2017-8-7 7:30,晴,0,29,28,998,46,31.9,北,0,8.28,2
2017-8-7 8:00,晴,0,31,29,998,39,31.9,西北,335,16.92,3
2017-8-7 8:30,多云,4,31,30,998,38,34.7,北,17,15.48,3
2017-8-7 9:00,多云,4,31,30,998,37,34.7,北,6,12.24,3
2017-8-7 9:30,多云,4,32,31,998,37,35,北,354,11.88,2
2017-8-7 10:00,多云,4,33,31,998,36,35,东,70,7.92,2
2017-8-7 10:30,多云,4,33,31,998,35,35,东北,45,10.8,2
2017-8-7 11:00,多云,4,33,32,998,36,35,东北,34,10.08,2
2017-8-7 11:30,多云,4,33,32,998,34,35,北,20,15.48,3
2017-8-7 12:00,多云,4,33,32,998,33,35,东北,28,19.44,3
2017-8-7 12:30,多云,4,34,33,998,31,35,西北,323,10.08,2
2017-8-7 13:00,多云,4,34,33,997,31,35,东北,31,20.88,4
2017-8-7 13:30,多云,4,34,33,997,32,35,北,340,17.28,3
2017-8-7 14:00,多云,4,35,34,997,31,35,东北,39,14.4,3
2017-8-7 14:30,多云,4,35,33,996,32,35,东北,62,8.64,2
2017-8-7 15:00,多云,4,35,34,996,31,35,东北,51,9.36,2
2017-8-7 15:30,多云,4,35,34,996,31,35,东,98,6.48,2
2017-8-7 16:00,多云,4,35,34,995,34,35,南,188,10.08,2
2017-8-7 16:30,多云,4,35,34,995,37,35,西南,231,10.08,2
2017-8-7 17:00,多云,4,34,33,995,38,35,西南,211,14.76,3
2017-8-7 17:30,多云,4,34,33,995,38,35,西南,203,12.6,3
2017-8-7 18:00,多云,4,33,32,995,38,35,西南,205,12.96,3
2017-8-7 18:30,多云,4,33,32,995,38,35,西南,231,11.16,2
2017-8-7 19:00,多云,4,33,32,995,41,35,南,194,11.52,2
2017-8-7 19:30,多云,4,32,31,995,44,29.4,西南,236,11.88,2
2017-8-7 20:00,多云,4,31,30,995,47,29.4,西南,217,8.28,2
2017-8-7 20:30,晴,1,31,30,996,49,22.6,西南,219,8.64,2
2017-8-7 21:00,晴,1,30,29,996,52,22.6,西南,228,7.2,2
2017-8-7 21:30,晴,1,29,29,996,56,22,南,200,8.28,2
2017-8-7 22:00,晴,1,29,28,996,57,22,南,194,9,2
2017-8-7 22:30,多云,4,29,28,996,60,21.8,西南,203,8.28,2
2017-8-7 23:00,多云,4,28,28,996,62,21.8,西南,219,6.48,2
2017-8-7 23:30,多云,4,28,28,996,61,19.5,南,174,10.44,2
